,event_id,title,manufacturer_key,location_key,date_key,model,occurred_at,manufacturer_id,manufacturer_name,manufacturer_company_url,manufacturer_frame_maker,manufacturer_description,manufacturer_short_name,manufacturer_slug,location_id,postal,city,country,lat,long,date_id,date,date_us_format,date_us_short_format,date_iso_format,num_year,num_month_in_year,num_week_in_year,num_week_in_month,num_day_in_year,num_day_in_month,num_day_in_week,name_month_en,name_month_abbreviated_en,name_day_en,name_day_abbreviated_en
0,1,Stolen 2016 Giant Escape 3(black),1,1,20180224,Escape 3,1519477200,1,Giant (and LIV),http://www.giant-bicycles.com/,True,,Giant,giant,1,M4K,Toronto,CA,43.6803,-79.3538,20180224,2018-02-24,02/24/2018,2/24/2018,2018-02-24,2018,2,8,4,55,24,6,February,Feb,Saturday,Sa
1,2,Stolen 2014 Specialized Vita Sport(black),2,2,20180228,Vita Sport,1519797600,2,Specialized,http://www.specialized.com/us/en/home/,True,,Specialized,specialized,2,L8P,Hamilton,CA,43.2514,-79.8925,20180228,2018-02-28,02/28/2018,2/28/2018,2018-02-28,2018,2,9,5,59,28,3,February,Feb,Wednesday,We
2,5,Stolen 2014 Phat Cycles Beach Cruiser(black),5,4,20180318,Beach Cruiser,1521352800,5,Phat Cycles,http://www.phatcycles.com/,True,,Phat Cycles,phat,4,M5S,Toronto,CA,43.6629,-79.3987,20180318,2018-03-18,03/18/2018,3/18/2018,2018-03-18,2018,3,11,3,77,18,7,March,Mar,Sunday,Su
3,4,Stolen Giant Aluxx 6000 Butted TUbing(blue and yellow or gold),1,4,20180319,Aluxx 6000 Butted TUbing,1521439200,1,Giant (and LIV),http://www.giant-bicycles.com/,True,,Giant,giant,4,M5S,Toronto,CA,43.6629,-79.3987,20180319,2018-03-19,03/19/2018,3/19/2018,2018-03-19,2018,3,12,4,78,19,1,March,Mar,Monday,Mo
4,3,"Stolen 2013 SCOTT Scale 970(black, red, and white)",3,3,20180319,Scale 970,1521493846,3,SCOTT,http://www.scott-sports.com/global/en/,True,,SCOTT,scott,3,M5J,Toronto,CA,43.62300000000001,-79.3936,20180319,2018-03-19,03/19/2018,3/19/2018,2018-03-19,2018,3,12,4,78,19,1,March,Mar,Monday,Mo
5,6,Stolen 2016 Norco Bikes VFR5 Forma(white),6,6,20180327,VFR5 Forma ,1522130400,6,Norco Bikes,http://www.norco.com/,True,,Norco Bikes,norco,6,M5B,Toronto,CA,43.6572,-79.3783,20180327,2018-03-27,03/27/2018,3/27/2018,2018-03-27,2018,3,13,5,86,27,2,March,Mar,Tuesday,Tu
6,7,Stolen Norco Bikes Cherokee(pink),6,7,20180401,Cherokee,1522562400,6,Norco Bikes,http://www.norco.com/,True,,Norco Bikes,norco,7,M5G,Toronto,CA,43.6564,-79.38600000000002,20180401,2018-04-01,04/01/2018,4/1/2018,2018-04-01,2018,4,13,1,91,1,7,April,Apr,Sunday,Su
7,8,Stolen 2000 Giant racer CADEX(blue),1,8,20180405,racer CADEX,1522908000,1,Giant (and LIV),http://www.giant-bicycles.com/,True,,Giant,giant,8,M5V,Toronto,CA,43.6404,-79.3995,20180405,2018-04-05,04/05/2018,4/5/2018,2018-04-05,2018,4,14,2,95,5,4,April,Apr,Thursday,Th
8,10,Stolen 2006 Norco Bikes Pinnacle(green),6,10,20180412,Pinnacle,1523508111,6,Norco Bikes,http://www.norco.com/,True,,Norco Bikes,norco,10,N1G,Guelph,CA,43.5184,-80.2257,20180412,2018-04-12,04/12/2018,4/12/2018,2018-04-12,2018,4,15,3,102,12,4,April,Apr,Thursday,Th
9,13,Stolen 2017 Kona Male -- diamond(blue),13,13,20180504,Male -- diamond,1525413600,13,Kona,http://www.konaworld.com/,True,,Kona,kona,13,M6J,Toronto,CA,43.648,-79.4177,20180504,2018-05-04,05/04/2018,5/4/2018,2018-05-04,2018,5,18,1,124,4,5,May,May,Friday,Fr
10,12,Stolen 2012 Felt ZW5(teal and black),12,12,20180505,ZW5,1525500000,12,Felt,http://www.feltbicycles.com/,True,,Felt,felt,12,L2G,Niagra Falls,CA,43.0696,-79.0818,20180505,2018-05-05,05/05/2018,5/5/2018,2018-05-05,2018,5,18,1,125,5,6,May,May,Saturday,Sa
11,14,Stolen 2015 GT Bicycles Transeo 4.0(black and blue),14,14,20180507,Transeo 4.0,1525672800,14,GT Bicycles,http://www.gtbicycles.com/,True,,GT Bicycles,gt,14,M5E,Toronto,CA,43.6456,-79.3754,20180507,2018-05-07,05/07/2018,5/7/2018,2018-05-07,2018,5,19,2,127,7,1,May,May,Monday,Mo
12,16,Stolen 2017 MEC Chinook(yellow or gold),15,15,20180519,Chinook,1526708413,15,MEC (Mountain Equipment Co-op),http://www.mec.ca/,True,,MEC,mec,15,M5R,Toronto,CA,43.6736,-79.4035,20180519,2018-05-19,05/19/2018,5/19/2018,2018-05-19,2018,5,20,3,139,19,6,May,May,Saturday,Sa
13,15,Stolen 2017 MEC Chinook(yellow or gold),15,15,20180519,Chinook,1526708414,15,MEC (Mountain Equipment Co-op),http://www.mec.ca/,True,,MEC,mec,15,M5R,Toronto,CA,43.6736,-79.4035,20180519,2018-05-19,05/19/2018,5/19/2018,2018-05-19,2018,5,20,3,139,19,6,May,May,Saturday,Sa
14,19,Stolen 2017 Norco Bikes Indie 3(black),6,15,20180527,Indie 3,1527463670,6,Norco Bikes,http://www.norco.com/,True,,Norco Bikes,norco,15,M5R,Toronto,CA,43.6736,-79.4035,20180527,2018-05-27,05/27/2018,5/27/2018,2018-05-27,2018,5,21,4,147,27,7,May,May,Sunday,Su
15,18,Stolen Specialized(green),2,18,20180528,,1527487200,2,Specialized,http://www.specialized.com/us/en/home/,True,,Specialized,specialized,18,L4G,Aurora,CA,44.0001,-79.4663,20180528,2018-05-28,05/28/2018,5/28/2018,2018-05-28,2018,5,22,5,148,28,1,May,May,Monday,Mo
16,17,Stolen KHS Bicycles(yellow or gold),17,17,20180528,,1527487200,17,KHS Bicycles,http://khsbicycles.com/,True,,KHS Bicycles,khs,17,M4L,Toronto,CA,43.6693,-79.3155,20180528,2018-05-28,05/28/2018,5/28/2018,2018-05-28,2018,5,22,5,148,28,1,May,May,Monday,Mo
17,21,Stolen 2017 Trek Zektor 3(black),21,21,20180603,Zektor 3,1528005600,21,Trek,http://www.trekbikes.com/us/en/,True,,Trek,trek,21,M4C,East York,CA,43.6913,-79.3116,20180603,2018-06-03,06/03/2018,6/3/2018,2018-06-03,2018,6,22,1,154,3,7,June,Jun,Sunday,Su
18,20,Stolen 2018 Diadora Diadora modena 700c hybrid(black and green),20,20,20180604,Diadora modena 700c hybrid ,1528092000,20,Diadora,,True,,Diadora,diadora,20,M6H,Toronto,CA,43.6655,-79.4378,20180604,2018-06-04,06/04/2018,6/4/2018,2018-06-04,2018,6,23,2,155,4,1,June,Jun,Monday,Mo
19,24,Stolen 2014 Raleigh Cadent i8(black),24,24,20180607,Cadent i8,1528351200,24,Raleigh,https://www.raleighusa.com/,True,,Raleigh,raleigh,24,M6P,Toronto,CA,43.6605,-79.4633,20180607,2018-06-07,06/07/2018,6/7/2018,2018-06-07,2018,6,23,2,158,7,4,June,Jun,Thursday,Th
20,23,"Stolen 2009 Specialized Langster(silver, gray or bare metal)",2,8,20180607,Langster,1528351200,2,Specialized,http://www.specialized.com/us/en/home/,True,,Specialized,specialized,8,M5V,Toronto,CA,43.6404,-79.3995,20180607,2018-06-07,06/07/2018,6/7/2018,2018-06-07,2018,6,23,2,158,7,4,June,Jun,Thursday,Th
21,22,Stolen Norco Bikes(black),6,8,20180607,,1528351200,6,Norco Bikes,http://www.norco.com/,True,,Norco Bikes,norco,8,M5V,Toronto,CA,43.6404,-79.3995,20180607,2018-06-07,06/07/2018,6/7/2018,2018-06-07,2018,6,23,2,158,7,4,June,Jun,Thursday,Th
22,29,"Stolen 2015 Giant Seek 1(silver, gray or bare metal)",1,29,20180612,Seek 1,1528783200,1,Giant (and LIV),http://www.giant-bicycles.com/,True,,Giant,giant,29,L9P,Uxbridge,CA,44.1001,-79.1163,20180612,2018-06-12,06/12/2018,6/12/2018,2018-06-12,2018,6,24,3,163,12,2,June,Jun,Tuesday,Tu
23,27,"Stolen BMC(silver, gray or bare metal)",27,8,20180613,,1528916400,27,BMC,https://www.bmc-switzerland.com/,True,,BMC,bmc,8,M5V,Toronto,CA,43.6404,-79.3995,20180613,2018-06-13,06/13/2018,6/13/2018,2018-06-13,2018,6,24,3,164,13,3,June,Jun,Wednesday,We
24,26,Stolen 2016 CCM Orion Men's 700C Hybrid Bike(blue),26,26,20180614,Orion Men's 700C Hybrid Bike,1528956000,26,CCM,,True,,CCM,ccm,26,M1W,Toronto,CA,43.8016,-79.3216,20180614,2018-06-14,06/14/2018,6/14/2018,2018-06-14,2018,6,24,3,165,14,4,June,Jun,Thursday,Th
25,25,Stolen Rocky Mountain Bicycles(black),25,25,20180615,,1529074800,25,Rocky Mountain Bicycles,https://www.bikes.com/,True,,Rocky Mountain Bicycles,rocky_mountain,25,M6C,Toronto,CA,43.6915,-79.4307,20180615,2018-06-15,06/15/2018,6/15/2018,2018-06-15,2018,6,24,3,166,15,5,June,Jun,Friday,Fr
26,32,Stolen 2018 Trek 18 Trek FX 2 22.5(black),21,7,20180616,18 Trek FX 2 22.5,1529128800,21,Trek,http://www.trekbikes.com/us/en/,True,,Trek,trek,7,M5G,Toronto,CA,43.6564,-79.38600000000002,20180616,2018-06-16,06/16/2018,6/16/2018,2018-06-16,2018,6,24,3,167,16,6,June,Jun,Saturday,Sa
27,31,Stolen 2015 Cannondale Quick Speed 1 Womens(blue),31,14,20180618,Quick Speed 1 Womens,1529301600,31,Cannondale,http://www.cannondale.com/,True,,Cannondale,cannondale,14,M5E,Toronto,CA,43.6456,-79.3754,20180618,2018-06-18,06/18/2018,6/18/2018,2018-06-18,2018,6,25,4,169,18,1,June,Jun,Monday,Mo
28,30,Stolen 2010 Giant Dash 2(blue and white),1,15,20180620,Dash 2,1529474400,1,Giant (and LIV),http://www.giant-bicycles.com/,True,,Giant,giant,15,M5R,Toronto,CA,43.6736,-79.4035,20180620,2018-06-20,06/20/2018,6/20/2018,2018-06-20,2018,6,25,4,171,20,3,June,Jun,Wednesday,We
29,33,"Stolen 2016 Norco Bikes Indie 2(silver, gray or bare metal)",6,33,20180623,Indie 2,1529733600,6,Norco Bikes,http://www.norco.com/,True,,Norco Bikes,norco,33,M8W,Toronto,CA,43.6021,-79.5402,20180623,2018-06-23,06/23/2018,6/23/2018,2018-06-23,2018,6,25,4,174,23,6,June,Jun,Saturday,Sa
30,36,Stolen 2017 Kona Dewey (Diamond frame)(green),13,13,20180627,Dewey (Diamond frame),1530079200,13,Kona,http://www.konaworld.com/,True,,Kona,kona,13,M6J,Toronto,CA,43.648,-79.4177,20180627,2018-06-27,06/27/2018,6/27/2018,2018-06-27,2018,6,26,5,178,27,3,June,Jun,Wednesday,We
31,35,Stolen 2018 Specialized(black),2,13,20180629,,1530252000,2,Specialized,http://www.specialized.com/us/en/home/,True,,Specialized,specialized,13,M6J,Toronto,CA,43.648,-79.4177,20180629,2018-06-29,06/29/2018,6/29/2018,2018-06-29,2018,6,26,5,180,29,5,June,Jun,Friday,Fr
32,34,"Stolen 2015 Bianchi Intenso(black, white, and teal)",34,34,20180630,Intenso,1530359475,34,Bianchi,http://www.bianchi.com/,True,,Bianchi,bianchi,34,M5A,Toronto,CA,43.6555,-79.3626,20180630,2018-06-30,06/30/2018,6/30/2018,2018-06-30,2018,6,26,5,181,30,6,June,Jun,Saturday,Sa
33,38,Stolen 2010 Specialized(red),2,13,20180709,,1531108800,2,Specialized,http://www.specialized.com/us/en/home/,True,,Specialized,specialized,13,M6J,Toronto,CA,43.648,-79.4177,20180709,2018-07-09,07/09/2018,7/9/2018,2018-07-09,2018,7,28,3,190,9,1,July,Jul,Monday,Mo
34,37,Stolen 2016 Ghost Panamao x3(black),37,20,20180709,Panamao x3,1531116000,37,Ghost,http://www.ghost-bikes.com,True,,Ghost,ghost,20,M6H,Toronto,CA,43.6655,-79.4378,20180709,2018-07-09,07/09/2018,7/9/2018,2018-07-09,2018,7,28,3,190,9,1,July,Jul,Monday,Mo
35,41,Stolen 2017 Norco Bikes VFR5 - DISK BRAKES(black),6,41,20180712,VFR5 - DISK BRAKES,1531375200,6,Norco Bikes,http://www.norco.com/,True,,Norco Bikes,norco,41,M4M,Toronto,CA,43.6561,-79.3406,20180712,2018-07-12,07/12/2018,7/12/2018,2018-07-12,2018,7,28,3,193,12,4,July,Jul,Thursday,Th
36,40,"Stolen Schwinn Volare(black, red, and white)",40,20,20180712,Volare,1531415925,40,Schwinn,http://www.schwinnbikes.com/,True,,Schwinn,schwinn,20,M6H,Toronto,CA,43.6655,-79.4378,20180712,2018-07-12,07/12/2018,7/12/2018,2018-07-12,2018,7,28,3,193,12,4,July,Jul,Thursday,Th
37,39,"Stolen Nakamura Excursion(silver, gray or bare metal)",39,8,20180714,Excursion,1531548000,39,Nakamura,,True,,Nakamura,nakamura,8,M5V,Toronto,CA,43.6404,-79.3995,20180714,2018-07-14,07/14/2018,7/14/2018,2018-07-14,2018,7,28,3,195,14,6,July,Jul,Saturday,Sa
38,47,"Stolen 2017 Giant Cypress DX(silver, gray or bare metal)",1,47,20180721,Cypress DX,1532152800,1,Giant (and LIV),http://www.giant-bicycles.com/,True,,Giant,giant,47,L7R,Burlington,CA,43.375,-79.8434,20180721,2018-07-21,07/21/2018,7/21/2018,2018-07-21,2018,7,29,4,202,21,6,July,Jul,Saturday,Sa
39,45,"Stolen 2018 Supercycle Circuit Men's Road Bike, 700C(blue)",45,6,20180723,"Circuit Men's Road Bike, 700C",1532325600,45,Supercycle,https://www.canadiantire.ca/en/all-brands/supercycle/bikes.html,True,,Supercycle,supercycle,6,M5B,Toronto,CA,43.6572,-79.3783,20180723,2018-07-23,07/23/2018,7/23/2018,2018-07-23,2018,7,30,5,204,23,1,July,Jul,Monday,Mo
40,44,Stolen Nishiki Navajo(purple),42,34,20180724,Navajo,1532412000,42,Nishiki,,True,,Nishiki,nishiki,34,M5A,Toronto,CA,43.6555,-79.3626,20180724,2018-07-24,07/24/2018,7/24/2018,2018-07-24,2018,7,30,5,205,24,2,July,Jul,Tuesday,Tu
41,48,Stolen 2004 Devinci Amsterdam(yellow or gold),48,15,20180727,Amsterdam,1532671200,48,Devinci,https://www.devinci.com/en/,True,,Devinci,devinci,15,M5R,Toronto,CA,43.6736,-79.4035,20180727,2018-07-27,07/27/2018,7/27/2018,2018-07-27,2018,7,30,5,208,27,5,July,Jul,Friday,Fr
42,49,Stolen 2016 Norco Bikes VFR Forma 5(white),6,49,20180803,VFR Forma 5,1533330000,6,Norco Bikes,http://www.norco.com/,True,,Norco Bikes,norco,49,M6R,Toronto,CA,43.6469,-79.4521,20180803,2018-08-03,08/03/2018,8/3/2018,2018-08-03,2018,8,31,1,215,3,5,August,Aug,Friday,Fr
43,50,Stolen 2012 Cannondale CX2(black),31,50,20180808,CX2,1533754800,31,Cannondale,http://www.cannondale.com/,True,,Cannondale,cannondale,50,M4W,Toronto,CA,43.6827,-79.373,20180808,2018-08-08,08/08/2018,8/8/2018,2018-08-08,2018,8,32,2,220,8,3,August,Aug,Wednesday,We
44,52,Stolen 1998 K2 Pro Flex Beast(black),52,52,20180812,Pro Flex Beast,1534111200,52,K2,,True,,K2,k2,52,M2J,Toronto,CA,43.7801,-79.3479,20180812,2018-08-12,08/12/2018,8/12/2018,2018-08-12,2018,8,32,2,224,12,7,August,Aug,Sunday,Su
45,58,"Stolen 2016 Critical Cycles Harper Single Speed, 2 Brakes(black)",58,13,20180815,"Harper Single Speed, 2 Brakes",1534330800,58,Critical Cycles,,True,,Critical Cycles,critical,13,M6J,Toronto,CA,43.648,-79.4177,20180815,2018-08-15,08/15/2018,8/15/2018,2018-08-15,2018,8,33,3,227,15,3,August,Aug,Wednesday,We
46,57,"Stolen 2016 Jamis Beatnik(silver, gray or bare metal)",57,34,20180815,Beatnik,1534334400,57,Jamis,http://www.jamisbikes.com/usa/index.html,True,,Jamis,jamis,34,M5A,Toronto,CA,43.6555,-79.3626,20180815,2018-08-15,08/15/2018,8/15/2018,2018-08-15,2018,8,33,3,227,15,3,August,Aug,Wednesday,We
47,54,Stolen 2019 Norco Bikes Indie 3(black),6,34,20180818,Indie 3,1534568400,6,Norco Bikes,http://www.norco.com/,True,,Norco Bikes,norco,34,M5A,Toronto,CA,43.6555,-79.3626,20180818,2018-08-18,08/18/2018,8/18/2018,2018-08-18,2018,8,33,3,230,18,6,August,Aug,Saturday,Sa
48,64,Stolen 2018 Del Sol Projekt 1 Black(black),64,64,20180820,Projekt 1 Black ,1534755600,64,Del Sol,https://harobikes.com/pages/delsol,True,,Del Sol,del_sol,64,M4Y,Toronto,CA,43.6656,-79.383,20180820,2018-08-20,08/20/2018,8/20/2018,2018-08-20,2018,8,34,4,232,20,1,August,Aug,Monday,Mo
49,63,Stolen 2018 Cannondale 18 QUICK 3 WMS(black),31,8,20180820,18 QUICK 3 WMS ,1534777200,31,Cannondale,http://www.cannondale.com/,True,,Cannondale,cannondale,8,M5V,Toronto,CA,43.6404,-79.3995,20180820,2018-08-20,08/20/2018,8/20/2018,2018-08-20,2018,8,34,4,232,20,1,August,Aug,Monday,Mo
50,62,Stolen 2018 Giant Escape 2 City(green),1,62,20180821,Escape 2 City,1534820400,1,Giant (and LIV),http://www.giant-bicycles.com/,True,,Giant,giant,62,M6K,Toronto,CA,43.6383,-79.4301,20180821,2018-08-21,08/21/2018,8/21/2018,2018-08-21,2018,8,34,4,233,21,2,August,Aug,Tuesday,Tu
51,59,Stolen 2018 Specialized Womens Diverge E5(black),2,20,20180823,Womens Diverge E5,1535036400,2,Specialized,http://www.specialized.com/us/en/home/,True,,Specialized,specialized,20,M6H,Toronto,CA,43.6655,-79.4378,20180823,2018-08-23,08/23/2018,8/23/2018,2018-08-23,2018,8,34,4,235,23,4,August,Aug,Thursday,Th
52,66,Stolen 2014 Specialized Hardrock Disc 29(green),2,66,20180825,Hardrock Disc 29,1535180400,2,Specialized,http://www.specialized.com/us/en/home/,True,,Specialized,specialized,66,M3B,Toronto,CA,43.745,-79.359,20180825,2018-08-25,08/25/2018,8/25/2018,2018-08-25,2018,8,34,4,237,25,6,August,Aug,Saturday,Sa
53,69,Stolen 2017 Specialized Sirrus(black),2,69,20180830,Sirrus,1535601844,2,Specialized,http://www.specialized.com/us/en/home/,True,,Specialized,specialized,69,M4S,Toronto,CA,43.702,-79.3853,20180830,2018-08-30,08/30/2018,8/30/2018,2018-08-30,2018,8,35,5,242,30,4,August,Aug,Thursday,Th
54,65,Stolen 2017 Opus Orpheo(red),65,65,20180830,Orpheo,1535587200,65,Opus,https://www.opusbike.com/,True,,Opus,opus,65,L9T,Milton,CA,43.5148,-79.884,20180830,2018-08-30,08/30/2018,8/30/2018,2018-08-30,2018,8,35,5,242,30,4,August,Aug,Thursday,Th
55,67,"Stolen 2017 Trek FX 2 DISC WSD(silver, gray or bare metal)",21,6,20180903,FX 2 DISC WSD,1535936400,21,Trek,http://www.trekbikes.com/us/en/,True,,Trek,trek,6,M5B,Toronto,CA,43.6572,-79.3783,20180903,2018-09-03,09/03/2018,9/3/2018,2018-09-03,2018,9,36,2,246,3,1,September,Sep,Monday,Mo
56,75,Stolen 2015 Giant Escape 2 Medium(black),1,7,20180914,Escape 2 Medium,1536940800,1,Giant (and LIV),http://www.giant-bicycles.com/,True,,Giant,giant,7,M5G,Toronto,CA,43.6564,-79.38600000000002,20180914,2018-09-14,09/14/2018,9/14/2018,2018-09-14,2018,9,37,3,257,14,5,September,Sep,Friday,Fr
57,74,"Stolen 2018 Northrock(silver, gray or bare metal)",74,74,20180916,,1537120800,74,Northrock,http://www.northrockbikes.com/,True,,Northrock,northrock,74,L5B,Mississauga,CA,43.5771,-79.6306,20180916,2018-09-16,09/16/2018,9/16/2018,2018-09-16,2018,9,37,3,259,16,7,September,Sep,Sunday,Su
58,73,Stolen 2018 Other(black),73,73,20180917,,1537154322,73,Other,,True,,Other,other,73,L3B,Welland,CA,42.9878,-79.2219,20180917,2018-09-17,09/17/2018,9/17/2018,2018-09-17,2018,9,38,4,260,17,1,September,Sep,Monday,Mo
59,72,Stolen Specialized(brown),2,49,20180917,,1537185600,2,Specialized,http://www.specialized.com/us/en/home/,True,,Specialized,specialized,49,M6R,Toronto,CA,43.6469,-79.4521,20180917,2018-09-17,09/17/2018,9/17/2018,2018-09-17,2018,9,38,4,260,17,1,September,Sep,Monday,Mo
60,79,Stolen Felt Verza speed 50(green),12,79,20180919,Verza speed 50,1537366331,12,Felt,http://www.feltbicycles.com/,True,,Felt,felt,79,M9A,Toronto,CA,43.6662,-79.5282,20180919,2018-09-19,09/19/2018,9/19/2018,2018-09-19,2018,9,38,4,262,19,3,September,Sep,Wednesday,We
61,78,Stolen 2013 Cannondale Scalpel 29 Er 4(black),31,78,20180921,Scalpel 29 Er 4,1537527600,31,Cannondale,http://www.cannondale.com/,True,,Cannondale,cannondale,78,M8Y,Toronto,CA,43.6325,-79.4939,20180921,2018-09-21,09/21/2018,9/21/2018,2018-09-21,2018,9,38,4,264,21,5,September,Sep,Friday,Fr
62,77,Stolen 2012 Kona jake the snake(green),13,76,20180922,jake the snake,1537657200,13,Kona,http://www.konaworld.com/,True,,Kona,kona,76,L5G,Mississauga,CA,43.5647,-79.5852,20180922,2018-09-22,09/22/2018,9/22/2018,2018-09-22,2018,9,38,4,265,22,6,September,Sep,Saturday,Sa
63,76,Stolen 2016 Trek emonda ALR 6(black),21,76,20180922,emonda ALR 6,1537659000,21,Trek,http://www.trekbikes.com/us/en/,True,,Trek,trek,76,L5G,Mississauga,CA,43.5647,-79.5852,20180922,2018-09-22,09/22/2018,9/22/2018,2018-09-22,2018,9,38,4,265,22,6,September,Sep,Saturday,Sa
64,81,Stolen 2016 Diadora size 15 woman’s(white),20,55,20180924,size 15 woman’s ,1537754400,20,Diadora,,True,,Diadora,diadora,55,M8V,Toronto,CA,43.6075,-79.5013,20180924,2018-09-24,09/24/2018,9/24/2018,2018-09-24,2018,9,39,5,267,24,1,September,Sep,Monday,Mo
65,55,Stolen 2016 Diadora size 19 men’s(black and blue),20,55,20180924,size 19 men’s ,1537754400,20,Diadora,,True,,Diadora,diadora,55,M8V,Toronto,CA,43.6075,-79.5013,20180924,2018-09-24,09/24/2018,9/24/2018,2018-09-24,2018,9,39,5,267,24,1,September,Sep,Monday,Mo
66,84,"Stolen 2017 GT Bicycles Aggressor(silver, gray or bare metal)",14,34,20181005,Aggressor ,1538755200,14,GT Bicycles,http://www.gtbicycles.com/,True,,GT Bicycles,gt,34,M5A,Toronto,CA,43.6555,-79.3626,20181005,2018-10-05,10/05/2018,10/5/2018,2018-10-05,2018,10,40,1,278,5,5,October,Oct,Friday,Fr
67,83,Stolen 2018 Fuji Palette(black),80,8,20181006,Palette,1538812800,80,Fuji,http://www.fujibikes.com/,True,,Fuji,fuji,8,M5V,Toronto,CA,43.6404,-79.3995,20181006,2018-10-06,10/06/2018,10/6/2018,2018-10-06,2018,10,40,1,279,6,6,October,Oct,Saturday,Sa
68,91,"Stolen 2018 Specialized Epic expert(silver, gray or bare metal)",2,12,20181014,Epic expert,1539538834,2,Specialized,http://www.specialized.com/us/en/home/,True,,Specialized,specialized,12,L2G,Niagra Falls,CA,43.0696,-79.0818,20181014,2018-10-14,10/14/2018,10/14/2018,2018-10-14,2018,10,41,2,287,14,7,October,Oct,Sunday,Su
69,90,Stolen 2012 Kona jake the snake(green),13,76,20181014,jake the snake,1539553750,13,Kona,http://www.konaworld.com/,True,,Kona,kona,76,L5G,Mississauga,CA,43.5647,-79.5852,20181014,2018-10-14,10/14/2018,10/14/2018,2018-10-14,2018,10,41,2,287,14,7,October,Oct,Sunday,Su
70,85,Stolen 2016 Salsa Marrakesh(teal),85,49,20181019,Marrakesh,1539907200,85,Salsa,http://salsacycles.com/,True,,Salsa,salsa,49,M6R,Toronto,CA,43.6469,-79.4521,20181019,2018-10-19,10/19/2018,10/19/2018,2018-10-19,2018,10,42,3,292,19,5,October,Oct,Friday,Fr
71,93,Stolen 2015 Devinci St Tropez(black),48,1,20181025,St Tropez,1540440000,48,Devinci,https://www.devinci.com/en/,True,,Devinci,devinci,1,M4K,Toronto,CA,43.6803,-79.3538,20181025,2018-10-25,10/25/2018,10/25/2018,2018-10-25,2018,10,43,4,298,25,4,October,Oct,Thursday,Th
72,92,Stolen 2004 Specialized TriCross(green and brown),2,64,20181026,TriCross,1540573200,2,Specialized,http://www.specialized.com/us/en/home/,True,,Specialized,specialized,64,M4Y,Toronto,CA,43.6656,-79.383,20181026,2018-10-26,10/26/2018,10/26/2018,2018-10-26,2018,10,43,4,299,26,5,October,Oct,Friday,Fr
73,94,Stolen 2016 Fuji STROLL(black),80,24,20181111,STROLL,1541937600,80,Fuji,http://www.fujibikes.com/,True,,Fuji,fuji,24,M6P,Toronto,CA,43.6605,-79.4633,20181111,2018-11-11,11/11/2018,11/11/2018,2018-11-11,2018,11,45,2,315,11,7,November,Nov,Sunday,Su
74,95,Stolen 2016 Bianchi Strada(green),34,62,20181119,Strada,1542664800,34,Bianchi,http://www.bianchi.com/,True,,Bianchi,bianchi,62,M6K,Toronto,CA,43.6383,-79.4301,20181119,2018-11-19,11/19/2018,11/19/2018,2018-11-19,2018,11,47,4,323,19,1,November,Nov,Monday,Mo
75,97,Stolen 2014 Brodie Remo(brown),97,97,20181217,Remo,1545033600,97,Brodie,https://www.brodiebicycles.com/,True,,Brodie,brodie,97,L8K,Hamilton,CA,43.2211,-79.7994,20181217,2018-12-17,12/17/2018,12/17/2018,2018-12-17,2018,12,51,4,351,17,1,December,Dec,Monday,Mo
76,100,Stolen 2019 Trek 3500(red),21,100,20190109,3500,1546992849,21,Trek,http://www.trekbikes.com/us/en/,True,,Trek,trek,100,N3S,Brantford,CA,43.1394,-80.2357,20190109,2019-01-09,01/09/2019,1/9/2019,2019-01-09,2019,1,2,2,9,9,3,January,Jan,Wednesday,We
77,99,Stolen 2018 Trek Roscoe 6(black and blue),21,8,20190109,Roscoe 6,1547067600,21,Trek,http://www.trekbikes.com/us/en/,True,,Trek,trek,8,M5V,Toronto,CA,43.6404,-79.3995,20190109,2019-01-09,01/09/2019,1/9/2019,2019-01-09,2019,1,2,2,9,9,3,January,Jan,Wednesday,We
78,98,"Stolen 2014 Cinelli MASH Histogram aluminum track frameset(black, blue, and white)",98,8,20190112,MASH Histogram aluminum track frameset,1547251200,98,Cinelli,http://www.cinelli-usa.com/,True,,Cinelli,cinelli,8,M5V,Toronto,CA,43.6404,-79.3995,20190112,2019-01-12,01/12/2019,1/12/2019,2019-01-12,2019,1,2,2,12,12,6,January,Jan,Saturday,Sa
79,101,"Stolen 2016 Cervélo R2(silver, gray or bare metal)",101,101,20190119,R2,1547920800,101,Cervélo,http://www.cervelo.com/en/,True,,Cervélo,cervelo,101,M5T,Toronto,CA,43.6541,-79.3978,20190119,2019-01-19,01/19/2019,1/19/2019,2019-01-19,2019,1,3,3,19,19,6,January,Jan,Saturday,Sa
80,102,Stolen 2008 Haro Mary XC(orange and black),102,8,20190123,Mary XC,1548281240,102,Haro,http://www.harobikes.com,True,,Haro,haro,8,M5V,Toronto,CA,43.6404,-79.3995,20190123,2019-01-23,01/23/2019,1/23/2019,2019-01-23,2019,1,4,4,23,23,3,January,Jan,Wednesday,We
81,103,Stolen Zycle Fix(black),103,21,20190206,,1549490400,103,Zycle Fix,http://zyclefix.com/,True,,Zycle Fix,zycle_fix,21,M4C,East York,CA,43.6913,-79.3116,20190206,2019-02-06,02/06/2019,2/6/2019,2019-02-06,2019,2,6,2,37,6,3,February,Feb,Wednesday,We
82,104,"Stolen 2003 Giant TCR(silver, gray or bare metal)",1,104,20190219,TCR,1550584800,1,Giant (and LIV),http://www.giant-bicycles.com/,True,,Giant,giant,104,M4P,Toronto,CA,43.7135,-79.3887,20190219,2019-02-19,02/19/2019,2/19/2019,2019-02-19,2019,2,8,4,50,19,2,February,Feb,Tuesday,Tu
83,105,Stolen Schwinn Classic Three(black),40,105,20190318,Classic Three,1552930273,40,Schwinn,http://www.schwinnbikes.com/,True,,Schwinn,schwinn,105,M9B,Etobicoke,CA,43.6505,-79.5517,20190318,2019-03-18,03/18/2019,3/18/2019,2019-03-18,2019,3,12,4,77,18,1,March,Mar,Monday,Mo
84,106,Stolen 2017 Cervélo R2(black),101,106,20190404,R2,1554343200,101,Cervélo,http://www.cervelo.com/en/,True,,Cervélo,cervelo,106,L7T,Burlington,CA,43.3081,-79.8507,20190404,2019-04-04,04/04/2019,4/4/2019,2019-04-04,2019,4,14,1,94,4,4,April,Apr,Thursday,Th
85,107,Stolen 2017 Kona Rove AL(black),13,62,20190408,Rove AL,1554739200,13,Kona,http://www.konaworld.com/,True,,Kona,kona,62,M6K,Toronto,CA,43.6383,-79.4301,20190408,2019-04-08,04/08/2019,4/8/2019,2019-04-08,2019,4,15,2,98,8,1,April,Apr,Monday,Mo
86,56,Stolen Answer BMX Diamondback bmx(teal and black),56,55,20190411,Diamondback bmx,1555009200,56,Answer BMX,https://answerbmx.com/,False,,Answer BMX,answer_bmx,55,M8V,Toronto,CA,43.6075,-79.5013,20190411,2019-04-11,04/11/2019,4/11/2019,2019-04-11,2019,4,15,2,101,11,4,April,Apr,Thursday,Th
87,109,Stolen 2018 Felt Verza Speed 50(black),12,55,20190416,Verza Speed 50,1555380000,12,Felt,http://www.feltbicycles.com/,True,,Felt,felt,55,M8V,Toronto,CA,43.6075,-79.5013,20190416,2019-04-16,04/16/2019,4/16/2019,2019-04-16,2019,4,16,3,106,16,2,April,Apr,Tuesday,Tu
88,108,Stolen 2018 Fuji League(blue),80,8,20190416,League,1555444800,80,Fuji,http://www.fujibikes.com/,True,,Fuji,fuji,8,M5V,Toronto,CA,43.6404,-79.3995,20190416,2019-04-16,04/16/2019,4/16/2019,2019-04-16,2019,4,16,3,106,16,2,April,Apr,Tuesday,Tu
89,110,Stolen GT Bicycles(black and green),14,10,20190418,,1555617010,14,GT Bicycles,http://www.gtbicycles.com/,True,,GT Bicycles,gt,10,N1G,Guelph,CA,43.5184,-80.2257,20190418,2019-04-18,04/18/2019,4/18/2019,2019-04-18,2019,4,16,3,108,18,4,April,Apr,Thursday,Th
90,112,Stolen 2018 Brodie Roam(black),97,8,20190422,Roam,1555948800,97,Brodie,https://www.brodiebicycles.com/,True,,Brodie,brodie,8,M5V,Toronto,CA,43.6404,-79.3995,20190422,2019-04-22,04/22/2019,4/22/2019,2019-04-22,2019,4,17,4,112,22,1,April,Apr,Monday,Mo
91,111,"Stolen 2010 Giant Reign X2(black and silver, gray or bare metal)",1,111,20190424,Reign X2,1556107200,1,Giant (and LIV),http://www.giant-bicycles.com/,True,,Giant,giant,111,L9H,Dundas,CA,43.2638,-79.9524,20190424,2019-04-24,04/24/2019,4/24/2019,2019-04-24,2019,4,17,4,114,24,3,April,Apr,Wednesday,We
92,114,Stolen 2018 Canyon bicycles Ultimate CF SLX(black),114,7,20190504,Ultimate CF SLX,1557000000,114,Canyon bicycles,http://www.canyon.com/,True,,Canyon bicycles,canyon,7,M5G,Toronto,CA,43.6564,-79.38600000000002,20190504,2019-05-04,05/04/2019,5/4/2019,2019-05-04,2019,5,18,1,124,4,6,May,May,Saturday,Sa
93,113,"Stolen 2015 Norco Bikes Search S2(silver, gray or bare metal)",6,101,20190505,Search S2,1557086400,6,Norco Bikes,http://www.norco.com/,True,,Norco Bikes,norco,101,M5T,Toronto,CA,43.6541,-79.3978,20190505,2019-05-05,05/05/2019,5/5/2019,2019-05-05,2019,5,18,1,125,5,7,May,May,Sunday,Su
94,115,"Stolen 2019 REID(silver, gray or bare metal)",115,8,20190509,,1557406800,115,Reid,https://www.reidbikes.com/,True,,Reid,reid,8,M5V,Toronto,CA,43.6404,-79.3995,20190509,2019-05-09,05/09/2019,5/9/2019,2019-05-09,2019,5,19,2,129,9,4,May,May,Thursday,Th
95,120,Stolen 2015 Giant Liv Tempt 4(purple and white),1,120,20190517,Liv Tempt 4,1558116000,1,Giant (and LIV),http://www.giant-bicycles.com/,True,,Giant,giant,120,L8S,Hamilton,CA,43.2606,-79.9161,20190517,2019-05-17,05/17/2019,5/17/2019,2019-05-17,2019,5,20,3,137,17,5,May,May,Friday,Fr
96,119,Stolen Specialized Allez A1 Elite(red),2,101,20190518,Allez A1 Elite,1558190434,2,Specialized,http://www.specialized.com/us/en/home/,True,,Specialized,specialized,101,M5T,Toronto,CA,43.6541,-79.3978,20190518,2019-05-18,05/18/2019,5/18/2019,2019-05-18,2019,5,20,3,138,18,6,May,May,Saturday,Sa
97,118,"Stolen 2019 Giant Avail 3(silver, gray or bare metal and pink)",1,13,20190519,Avail 3,1558281900,1,Giant (and LIV),http://www.giant-bicycles.com/,True,,Giant,giant,13,M6J,Toronto,CA,43.648,-79.4177,20190519,2019-05-19,05/19/2019,5/19/2019,2019-05-19,2019,5,20,3,139,19,7,May,May,Sunday,Su
98,121,"Stolen 2018 Giant hard tail(silver, gray or bare metal and blue)",1,121,20190526,hard tail,1558830300,1,Giant (and LIV),http://www.giant-bicycles.com/,True,,Giant,giant,121,L3C,Welland,CA,42.9998,-79.2656,20190526,2019-05-26,05/26/2019,5/26/2019,2019-05-26,2019,5,21,4,146,26,7,May,May,Sunday,Su
99,122,Stolen 2003 Trek(blue),21,122,20190602,,1559450400,21,Trek,http://www.trekbikes.com/us/en/,True,,Trek,trek,122,M2H,Toronto,CA,43.8015,-79.3577,20190602,2019-06-02,06/02/2019,6/2/2019,2019-06-02,2019,6,22,1,153,2,7,June,Jun,Sunday,Su
100,124,Stolen 2019 Cannondale Quick 7 Women's(orange),31,15,20190612,Quick 7 Women's,1560297600,31,Cannondale,http://www.cannondale.com/,True,,Cannondale,cannondale,15,M5R,Toronto,CA,43.6736,-79.4035,20190612,2019-06-12,06/12/2019,6/12/2019,2019-06-12,2019,6,24,3,163,12,3,June,Jun,Wednesday,We
101,123,"Stolen 2016 Mongoose B Status 2.2(silver, gray or bare metal)",123,123,20190613,B Status 2.2,1560466800,123,Mongoose,http://www.mongoose.com/,True,,Mongoose,mongoose,123,M9C,Toronto,CA,43.6437,-79.5767,20190613,2019-06-13,06/13/2019,6/13/2019,2019-06-13,2019,6,24,3,164,13,4,June,Jun,Thursday,Th
102,127,Stolen 2014 Trek 7.3 FX(black and green),21,34,20190617,7.3 FX,1560808800,21,Trek,http://www.trekbikes.com/us/en/,True,,Trek,trek,34,M5A,Toronto,CA,43.6555,-79.3626,20190617,2019-06-17,06/17/2019,6/17/2019,2019-06-17,2019,6,25,4,168,17,1,June,Jun,Monday,Mo
103,126,"Stolen 2019 Specialized B2115-7104(black and silver, gray or bare metal)",2,6,20190620,B2115-7104,1561001668,2,Specialized,http://www.specialized.com/us/en/home/,True,,Specialized,specialized,6,M5B,Toronto,CA,43.6572,-79.3783,20190620,2019-06-20,06/20/2019,6/20/2019,2019-06-20,2019,6,25,4,171,20,4,June,Jun,Thursday,Th
104,125,Stolen 2016 Subrosa 2016 Salvador Complete Bike(brown and black),125,125,20190620,2016 Salvador Complete Bike,1561060820,125,Subrosa,http://subrosabrand.com/,True,,Subrosa,subrosa,125,M1C,Scarborough,CA,43.7878,-79.1564,20190620,2019-06-20,06/20/2019,6/20/2019,2019-06-20,2019,6,25,4,171,20,4,June,Jun,Thursday,Th
105,129,Stolen 2018 Giant Giant Escape 2 Medium(green),1,13,20190624,Giant Escape 2 Medium ,1561413600,1,Giant (and LIV),http://www.giant-bicycles.com/,True,,Giant,giant,13,M6J,Toronto,CA,43.648,-79.4177,20190624,2019-06-24,06/24/2019,6/24/2019,2019-06-24,2019,6,26,5,175,24,1,June,Jun,Monday,Mo
106,128,Stolen 2018 Felt Felt Verza Cafe 7 Women’s Star(black),12,13,20190624,Felt Verza Cafe 7 Women’s Star ,1561415088,12,Felt,http://www.feltbicycles.com/,True,,Felt,felt,13,M6J,Toronto,CA,43.648,-79.4177,20190624,2019-06-24,06/24/2019,6/24/2019,2019-06-24,2019,6,26,5,175,24,1,June,Jun,Monday,Mo
107,131,Stolen 2016 Giant Thrive 2(blue),1,20,20190629,Thrive 2,1561849200,1,Giant (and LIV),http://www.giant-bicycles.com/,True,,Giant,giant,20,M6H,Toronto,CA,43.6655,-79.4378,20190629,2019-06-29,06/29/2019,6/29/2019,2019-06-29,2019,6,26,5,180,29,6,June,Jun,Saturday,Sa
108,133,Stolen Bianchi Eros(red),34,4,20190706,Eros,1562389200,34,Bianchi,http://www.bianchi.com/,True,,Bianchi,bianchi,4,M5S,Toronto,CA,43.6629,-79.3987,20190706,2019-07-06,07/06/2019,7/6/2019,2019-07-06,2019,7,27,1,187,6,6,July,Jul,Saturday,Sa
109,135,Stolen 2016 Norco Bikes Storm 7.1(orange),6,65,20190712,Storm 7.1,1562965200,6,Norco Bikes,http://www.norco.com/,True,,Norco Bikes,norco,65,L9T,Milton,CA,43.5148,-79.884,20190712,2019-07-12,07/12/2019,7/12/2019,2019-07-12,2019,7,28,2,193,12,5,July,Jul,Friday,Fr
110,134,Stolen 2019 Trek Marlin 5(black),21,4,20190713,Marlin 5,1563030000,21,Trek,http://www.trekbikes.com/us/en/,True,,Trek,trek,4,M5S,Toronto,CA,43.6629,-79.3987,20190713,2019-07-13,07/13/2019,7/13/2019,2019-07-13,2019,7,28,2,194,13,6,July,Jul,Saturday,Sa
111,136,"Stolen 2019 Giant Escape Disc 2(silver, gray or bare metal)",1,136,20190719,Escape Disc 2,1563508800,1,Giant (and LIV),http://www.giant-bicycles.com/,True,,Giant,giant,136,M5K,Toronto,CA,43.6469,-79.3823,20190719,2019-07-19,07/19/2019,7/19/2019,2019-07-19,2019,7,29,3,200,19,5,July,Jul,Friday,Fr
112,138,Stolen 2015 Raleigh Roper(orange),24,20,20190723,Roper,1563868800,24,Raleigh,https://www.raleighusa.com/,True,,Raleigh,raleigh,20,M6H,Toronto,CA,43.6655,-79.4378,20190723,2019-07-23,07/23/2019,7/23/2019,2019-07-23,2019,7,30,4,204,23,2,July,Jul,Tuesday,Tu
113,137,"Stolen 1997 Specialized stumpjumper pro(silver, gray or bare metal)",2,137,20190725,stumpjumper pro,1564084800,2,Specialized,http://www.specialized.com/us/en/home/,True,,Specialized,specialized,137,L1R,Whitby,CA,43.9215,-78.9412,20190725,2019-07-25,07/25/2019,7/25/2019,2019-07-25,2019,7,30,4,206,25,4,July,Jul,Thursday,Th
114,141,Stolen 2017 Norco Bikes Search A(black and green),6,141,20190726,Search A,1564146000,6,Norco Bikes,http://www.norco.com/,True,,Norco Bikes,norco,141,L7L,Burlington,CA,43.3799,-79.7668,20190726,2019-07-26,07/26/2019,7/26/2019,2019-07-26,2019,7,30,4,207,26,5,July,Jul,Friday,Fr
115,140,Stolen 2013 Specialized Allez Sport Compact(blue),2,4,20190729,Allez Sport Compact,1564441200,2,Specialized,http://www.specialized.com/us/en/home/,True,,Specialized,specialized,4,M5S,Toronto,CA,43.6629,-79.3987,20190729,2019-07-29,07/29/2019,7/29/2019,2019-07-29,2019,7,31,5,210,29,1,July,Jul,Monday,Mo
116,139,Stolen 2017 Devinci St-Tropez(black),48,3,20190730,St-Tropez,1564495200,48,Devinci,https://www.devinci.com/en/,True,,Devinci,devinci,3,M5J,Toronto,CA,43.62300000000001,-79.3936,20190730,2019-07-30,07/30/2019,7/30/2019,2019-07-30,2019,7,31,5,211,30,2,July,Jul,Tuesday,Tu
117,142,"Stolen 2007 Specialized Transition Multi-Sport(silver, gray or bare metal)",2,3,20190804,Transition Multi-Sport,1564934400,2,Specialized,http://www.specialized.com/us/en/home/,True,,Specialized,specialized,3,M5J,Toronto,CA,43.62300000000001,-79.3936,20190804,2019-08-04,08/04/2019,8/4/2019,2019-08-04,2019,8,31,1,216,4,7,August,Aug,Sunday,Su
118,145,"Stolen 2019 Trek X-Caliber 9(silver, gray or bare metal)",21,137,20190807,X-Caliber 9,1565161200,21,Trek,http://www.trekbikes.com/us/en/,True,,Trek,trek,137,L1R,Whitby,CA,43.9215,-78.9412,20190807,2019-08-07,08/07/2019,8/7/2019,2019-08-07,2019,8,32,2,219,7,3,August,Aug,Wednesday,We
119,144,Stolen 2016 Specialized Crosstrail(black and orange),2,144,20190808,Crosstrail,1565254800,2,Specialized,http://www.specialized.com/us/en/home/,True,,Specialized,specialized,144,M4T,Toronto,CA,43.6899,-79.3853,20190808,2019-08-08,08/08/2019,8/8/2019,2019-08-08,2019,8,32,2,220,8,4,August,Aug,Thursday,Th
120,147,Stolen 2014 Trek 7.3 FX(black and green),21,8,20190810,7.3 FX,1565474400,21,Trek,http://www.trekbikes.com/us/en/,True,,Trek,trek,8,M5V,Toronto,CA,43.6404,-79.3995,20190810,2019-08-10,08/10/2019,8/10/2019,2019-08-10,2019,8,32,2,222,10,6,August,Aug,Saturday,Sa
121,146,Stolen 2015 Ghost Panamao X5(black),37,3,20190814,Panamao X5,1565740800,37,Ghost,http://www.ghost-bikes.com,True,,Ghost,ghost,3,M5J,Toronto,CA,43.62300000000001,-79.3936,20190814,2019-08-14,08/14/2019,8/14/2019,2019-08-14,2019,8,33,3,226,14,3,August,Aug,Wednesday,We
122,150,Stolen 2007 Bike Friday New World Tourist(black),150,150,20190816,New World Tourist,1565996400,150,Bike Friday,http://bikefriday.com/,True,,Bike Friday,bike_friday,150,M5H,Toronto,CA,43.6496,-79.3833,20190816,2019-08-16,08/16/2019,8/16/2019,2019-08-16,2019,8,33,3,228,16,5,August,Aug,Friday,Fr
123,151,Stolen 2015 Jamis Helix(purple),57,151,20190823,Helix,1566595407,57,Jamis,http://www.jamisbikes.com/usa/index.html,True,,Jamis,jamis,151,M6S,Toronto,CA,43.6512,-79.4828,20190823,2019-08-23,08/23/2019,8/23/2019,2019-08-23,2019,8,34,4,235,23,5,August,Aug,Friday,Fr
124,152,Stolen 2017 Norco Bikes Threshold(green),6,152,20190825,Threshold,1566698081,6,Norco Bikes,http://www.norco.com/,True,,Norco Bikes,norco,152,M1P,Toronto,CA,43.7612,-79.2707,20190825,2019-08-25,08/25/2019,8/25/2019,2019-08-25,2019,8,34,4,237,25,7,August,Aug,Sunday,Su
125,155,"Stolen Schwinn(silver, gray or bare metal)",40,13,20190831,,1567279472,40,Schwinn,http://www.schwinnbikes.com/,True,,Schwinn,schwinn,13,M6J,Toronto,CA,43.648,-79.4177,20190831,2019-08-31,08/31/2019,8/31/2019,2019-08-31,2019,8,35,5,243,31,6,August,Aug,Saturday,Sa
126,154,"Stolen 2016 Giant Giant Talon 3 27.5(red and silver, gray or bare metal)",1,49,20190901,Giant Talon 3 27.5,1567339200,1,Giant (and LIV),http://www.giant-bicycles.com/,True,,Giant,giant,49,M6R,Toronto,CA,43.6469,-79.4521,20190901,2019-09-01,09/01/2019,9/1/2019,2019-09-01,2019,9,35,1,244,1,7,September,Sep,Sunday,Su
127,153,Stolen 2017 Trek FX2(black),21,13,20190903,FX2,1567501200,21,Trek,http://www.trekbikes.com/us/en/,True,,Trek,trek,13,M6J,Toronto,CA,43.648,-79.4177,20190903,2019-09-03,09/03/2019,9/3/2019,2019-09-03,2019,9,36,2,246,3,2,September,Sep,Tuesday,Tu
128,156,Stolen Specialized Sirrus LTD(black),2,156,20190904,Sirrus LTD,1567623600,2,Specialized,http://www.specialized.com/us/en/home/,True,,Specialized,specialized,156,M6G,Toronto,CA,43.6683,-79.4205,20190904,2019-09-04,09/04/2019,9/4/2019,2019-09-04,2019,9,36,2,247,4,3,September,Sep,Wednesday,We
129,160,Stolen 2019 Trek(green),21,69,20190909,,1568048400,21,Trek,http://www.trekbikes.com/us/en/,True,,Trek,trek,69,M4S,Toronto,CA,43.702,-79.3853,20190909,2019-09-09,09/09/2019,9/9/2019,2019-09-09,2019,9,37,3,252,9,1,September,Sep,Monday,Mo
130,159,Stolen 2019 Trek 2019(red),21,69,20190909,2019,1568048400,21,Trek,http://www.trekbikes.com/us/en/,True,,Trek,trek,69,M4S,Toronto,CA,43.702,-79.3853,20190909,2019-09-09,09/09/2019,9/9/2019,2019-09-09,2019,9,37,3,252,9,1,September,Sep,Monday,Mo
131,158,Stolen 2016 Specialized Levo(black),2,34,20190911,Levo,1568221200,2,Specialized,http://www.specialized.com/us/en/home/,True,,Specialized,specialized,34,M5A,Toronto,CA,43.6555,-79.3626,20190911,2019-09-11,09/11/2019,9/11/2019,2019-09-11,2019,9,37,3,254,11,3,September,Sep,Wednesday,We
132,157,"Stolen 2018 Rocky Mountain Bicycles Soul 10(silver, gray or bare metal)",25,10,20190912,Soul 10,1568296220,25,Rocky Mountain Bicycles,https://www.bikes.com/,True,,Rocky Mountain Bicycles,rocky_mountain,10,N1G,Guelph,CA,43.5184,-80.2257,20190912,2019-09-12,09/12/2019,9/12/2019,2019-09-12,2019,9,37,3,255,12,4,September,Sep,Thursday,Th
133,161,"Stolen 2016 Giant TCX SLR 2(black, white, and red)",1,161,20190921,TCX SLR 2,1569042000,1,Giant (and LIV),http://www.giant-bicycles.com/,True,,Giant,giant,161,M2N,North,CA,43.7673,-79.4111,20190921,2019-09-21,09/21/2019,9/21/2019,2019-09-21,2019,9,38,4,264,21,6,September,Sep,Saturday,Sa
134,164,Stolen 2012 Kona jake(orange and black),13,15,20190924,jake,1569348340,13,Kona,http://www.konaworld.com/,True,,Kona,kona,15,M5R,Toronto,CA,43.6736,-79.4035,20190924,2019-09-24,09/24/2019,9/24/2019,2019-09-24,2019,9,39,5,267,24,2,September,Sep,Tuesday,Tu
135,163,Stolen 2014 Kona JAKE THE SNAKE(green),13,144,20190926,JAKE THE SNAKE,1569492784,13,Kona,http://www.konaworld.com/,True,,Kona,kona,144,M4T,Toronto,CA,43.6899,-79.3853,20190926,2019-09-26,09/26/2019,9/26/2019,2019-09-26,2019,9,39,5,269,26,4,September,Sep,Thursday,Th
136,162,Stolen 2018 Dorel Industries GT Aggressor(blue),162,162,20190927,GT Aggressor,1569596400,162,Dorel Industries,https://www.dorel.com/eng/our-brands,False,,Dorel Industries,dorel_industries,162,M5M,North York,CA,43.7335,-79.4177,20190927,2019-09-27,09/27/2019,9/27/2019,2019-09-27,2019,9,39,5,270,27,5,September,Sep,Friday,Fr
137,165,"Stolen 2017 Cannondale Quick1 Disc(silver, gray or bare metal)",31,69,20191002,Quick1 Disc,1570029978,31,Cannondale,http://www.cannondale.com/,True,,Cannondale,cannondale,69,M4S,Toronto,CA,43.702,-79.3853,20191002,2019-10-02,10/02/2019,10/2/2019,2019-10-02,2019,10,40,1,275,2,3,October,Oct,Wednesday,We
138,166,Stolen 2017 GT Bicycles(black and blue),14,166,20191007,,1570423419,14,GT Bicycles,http://www.gtbicycles.com/,True,,GT Bicycles,gt,166,M6L,Toronto,CA,43.7137,-79.4869,20191007,2019-10-07,10/07/2019,10/7/2019,2019-10-07,2019,10,41,2,280,7,1,October,Oct,Monday,Mo
139,170,Stolen 2018 GT Bicycles Vantara(black and red),14,13,20191009,Vantara,1570654869,14,GT Bicycles,http://www.gtbicycles.com/,True,,GT Bicycles,gt,13,M6J,Toronto,CA,43.648,-79.4177,20191009,2019-10-09,10/09/2019,10/9/2019,2019-10-09,2019,10,41,2,282,9,3,October,Oct,Wednesday,We
140,169,Stolen KHS Bicycles DJ 50(blue),17,169,20191010,DJ 50,1570669200,17,KHS Bicycles,http://khsbicycles.com/,True,,KHS Bicycles,khs,169,N3C,Cambridge,CA,43.4389,-80.2649,20191010,2019-10-10,10/10/2019,10/10/2019,2019-10-10,2019,10,41,2,283,10,4,October,Oct,Thursday,Th
141,168,Stolen 2011 Trek Skye SL Disc(red),21,168,20191010,Skye SL Disc,1570683569,21,Trek,http://www.trekbikes.com/us/en/,True,,Trek,trek,168,M4G,Toronto,CA,43.7124,-79.3644,20191010,2019-10-10,10/10/2019,10/10/2019,2019-10-10,2019,10,41,2,283,10,4,October,Oct,Thursday,Th
142,167,Stolen 2019 SCOTT genius 950(black),3,167,20191013,genius 950,1570924800,3,SCOTT,http://www.scott-sports.com/global/en/,True,,SCOTT,scott,167,M4V,Toronto,CA,43.6861,-79.4025,20191013,2019-10-13,10/13/2019,10/13/2019,2019-10-13,2019,10,41,2,286,13,7,October,Oct,Sunday,Su
143,172,Stolen 2019 SE Bikes Big Ripper 29”(red),172,172,20191015,Big Ripper 29”,1571176800,172,SE Bikes ,http://www.sebikes.com,True,,SE Bikes ,se,172,L6J,Oakville,CA,43.4757,-79.6591,20191015,2019-10-15,10/15/2019,10/15/2019,2019-10-15,2019,10,42,3,288,15,2,October,Oct,Tuesday,Tu
144,171,Stolen 2019 SCOTT Metrix 20(black),3,8,20191018,Metrix 20,1571402700,3,SCOTT,http://www.scott-sports.com/global/en/,True,,SCOTT,scott,8,M5V,Toronto,CA,43.6404,-79.3995,20191018,2019-10-18,10/18/2019,10/18/2019,2019-10-18,2019,10,42,3,291,18,5,October,Oct,Friday,Fr
145,178,Stolen 2018 Giant Anthem Advanced 1 29er(black and green),1,178,20191024,Anthem Advanced 1 29er,1571900400,1,Giant (and LIV),http://www.giant-bicycles.com/,True,,Giant,giant,178,L6M,Oakville,CA,43.4464,-79.7593,20191024,2019-10-24,10/24/2019,10/24/2019,2019-10-24,2019,10,43,4,297,24,4,October,Oct,Thursday,Th
146,177,Stolen Norco Bikes(black),6,4,20191024,,1571929200,6,Norco Bikes,http://www.norco.com/,True,,Norco Bikes,norco,4,M5S,Toronto,CA,43.6629,-79.3987,20191024,2019-10-24,10/24/2019,10/24/2019,2019-10-24,2019,10,43,4,297,24,4,October,Oct,Thursday,Th
147,176,Stolen 1983 Fuji Club Fuji Valite(blue and white),80,101,20191026,Club Fuji Valite ,1572130800,80,Fuji,http://www.fujibikes.com/,True,,Fuji,fuji,101,M5T,Toronto,CA,43.6541,-79.3978,20191026,2019-10-26,10/26/2019,10/26/2019,2019-10-26,2019,10,43,4,299,26,6,October,Oct,Saturday,Sa
148,175,Stolen 2016 Ghost Square Cross(black and green),37,175,20191029,Square Cross,1572307200,37,Ghost,http://www.ghost-bikes.com,True,,Ghost,ghost,175,L7G,Glen Williams,CA,43.6501,-79.9163,20191029,2019-10-29,10/29/2019,10/29/2019,2019-10-29,2019,10,44,5,302,29,2,October,Oct,Tuesday,Tu
149,179,Stolen 2015 Bianchi superpista(white),34,156,20191105,superpista,1572944400,34,Bianchi,http://www.bianchi.com/,True,,Bianchi,bianchi,156,M6G,Toronto,CA,43.6683,-79.4205,20191105,2019-11-05,11/05/2019,11/5/2019,2019-11-05,2019,11,45,2,309,5,2,November,Nov,Tuesday,Tu
150,181,"Stolen 2016 Cannondale Supersix(silver, gray or bare metal)",31,8,20191109,Supersix,1573340979,31,Cannondale,http://www.cannondale.com/,True,,Cannondale,cannondale,8,M5V,Toronto,CA,43.6404,-79.3995,20191109,2019-11-09,11/09/2019,11/9/2019,2019-11-09,2019,11,45,2,313,9,6,November,Nov,Saturday,Sa
151,180,Stolen 2019 Kink(yellow or gold),180,180,20191110,,1573426800,180,Kink,http://www.kinkbmx.com,True,,Kink,kink,180,L1H,Oshawa,CA,43.9721,-78.8837,20191110,2019-11-10,11/10/2019,11/10/2019,2019-11-10,2019,11,45,2,314,10,7,November,Nov,Sunday,Su
152,183,"Stolen 2019 Nakamura Monster 2019(silver, gray or bare metal and blue)",39,183,20191114,Monster 2019,1573772132,39,Nakamura,,True,,Nakamura,nakamura,183,L6Y,Brampton,CA,43.6249,-79.7876,20191114,2019-11-14,11/14/2019,11/14/2019,2019-11-14,2019,11,46,3,318,14,4,November,Nov,Thursday,Th
153,182,Stolen 2012 Devinci Leo(black),48,62,20191116,Leo,1573923600,48,Devinci,https://www.devinci.com/en/,True,,Devinci,devinci,62,M6K,Toronto,CA,43.6383,-79.4301,20191116,2019-11-16,11/16/2019,11/16/2019,2019-11-16,2019,11,46,3,320,16,6,November,Nov,Saturday,Sa
154,184,Stolen 2015 Raleigh Alysa 1(black and blue),24,184,20191120,Alysa 1,1574216322,24,Raleigh,https://www.raleighusa.com/,True,,Raleigh,raleigh,184,M6N,Toronto,CA,43.6748,-79.4839,20191120,2019-11-20,11/20/2019,11/20/2019,2019-11-20,2019,11,47,4,324,20,3,November,Nov,Wednesday,We
155,188,Stolen Marin Bikes Larkspur cs2(black),188,8,20191123,Larkspur cs2,1574470001,188,Marin Bikes,https://www.marinbikes.com/,True,,Marin Bikes,marin,8,M5V,Toronto,CA,43.6404,-79.3995,20191123,2019-11-23,11/23/2019,11/23/2019,2019-11-23,2019,11,47,4,327,23,6,November,Nov,Saturday,Sa
156,187,"Stolen 2019 Specialized Diverge(silver, gray or bare metal)",2,6,20191123,Diverge,1574545611,2,Specialized,http://www.specialized.com/us/en/home/,True,,Specialized,specialized,6,M5B,Toronto,CA,43.6572,-79.3783,20191123,2019-11-23,11/23/2019,11/23/2019,2019-11-23,2019,11,47,4,327,23,6,November,Nov,Saturday,Sa
157,186,Stolen 2019 Specialized Rockhopper(black and stickers tape or other cover-up),2,168,20191126,Rockhopper,1574780400,2,Specialized,http://www.specialized.com/us/en/home/,True,,Specialized,specialized,168,M4G,Toronto,CA,43.7124,-79.3644,20191126,2019-11-26,11/26/2019,11/26/2019,2019-11-26,2019,11,48,5,330,26,2,November,Nov,Tuesday,Tu
158,189,Stolen Dyno DYNO(green),189,189,20191205,DYNO,1575579600,189,Dyno,,True,,Dyno,dyno,189,L8N,Hamilton,CA,43.4017,-80.017,20191205,2019-12-05,12/05/2019,12/5/2019,2019-12-05,2019,12,49,2,339,5,4,December,Dec,Thursday,Th
159,190,Stolen 2003 Kona Cinder Cone(white and blue),13,190,20191229,Cinder Cone,1577578959,13,Kona,http://www.konaworld.com/,True,,Kona,kona,190,L2M,St Catharines,CA,43.19600000000001,-79.2161,20191229,2019-12-29,12/29/2019,12/29/2019,2019-12-29,2019,12,52,5,363,29,7,December,Dec,Sunday,Su
160,191,Stolen 2019 Norco Bikes Storm 4(black),6,15,20200118,Storm 4,1579366800,6,Norco Bikes,http://www.norco.com/,True,,Norco Bikes,norco,15,M5R,Toronto,CA,43.6736,-79.4035,20200118,2020-01-18,01/18/2020,1/18/2020,2020-01-18,2020,1,3,3,18,18,6,January,Jan,Saturday,Sa
161,192,Stolen 2018 Rocky Mountain Bicycles large Thunderbolt A30(green),25,41,20200125,large Thunderbolt A30,1579971600,25,Rocky Mountain Bicycles,https://www.bikes.com/,True,,Rocky Mountain Bicycles,rocky_mountain,41,M4M,Toronto,CA,43.6561,-79.3406,20200125,2020-01-25,01/25/2020,1/25/2020,2020-01-25,2020,1,4,4,25,25,6,January,Jan,Saturday,Sa
162,194,Stolen 2019 Giant Rove 3(black and green),1,111,20200128,Rove 3,1580202000,1,Giant (and LIV),http://www.giant-bicycles.com/,True,,Giant,giant,111,L9H,Dundas,CA,43.2638,-79.9524,20200128,2020-01-28,01/28/2020,1/28/2020,2020-01-28,2020,1,5,5,28,28,2,January,Jan,Tuesday,Tu
163,193,"Stolen 2017 Felt Fat Bike(silver, gray or bare metal and pink)",12,121,20200128,Fat Bike,1580222293,12,Felt,http://www.feltbicycles.com/,True,,Felt,felt,121,L3C,Welland,CA,42.9998,-79.2656,20200128,2020-01-28,01/28/2020,1/28/2020,2020-01-28,2020,1,5,5,28,28,2,January,Jan,Tuesday,Tu
164,195,"Stolen 2018 Marin Bikes(silver, gray or bare metal and red)",188,20,20200214,,1581721200,188,Marin Bikes,https://www.marinbikes.com/,True,,Marin Bikes,marin,20,M6H,Toronto,CA,43.6655,-79.4378,20200214,2020-02-14,02/14/2020,2/14/2020,2020-02-14,2020,2,7,3,45,14,5,February,Feb,Friday,Fr
165,196,Stolen Peugeot Eraser(red),196,196,20200228,Eraser,1582880400,196,Peugeot,https://cycles.peugeot.com/,True,,Peugeot,peugeot,196,N1R,Cambridge,CA,43.3666,-80.2239,20200228,2020-02-28,02/28/2020,2/28/2020,2020-02-28,2020,2,9,5,59,28,5,February,Feb,Friday,Fr
166,198,Stolen 2019 All City Space Horse(red),198,101,20200303,Space Horse,1583258400,198,All City,http://allcitycycles.com,True,,All City,all_city,101,M5T,Toronto,CA,43.6541,-79.3978,20200303,2020-03-03,03/03/2020,3/3/2020,2020-03-03,2020,3,10,2,63,3,2,March,Mar,Tuesday,Tu
167,197,"Stolen 2010 Specialized Dolce Elite Compact(silver, gray or bare metal)",2,8,20200305,Dolce Elite Compact,1583384400,2,Specialized,http://www.specialized.com/us/en/home/,True,,Specialized,specialized,8,M5V,Toronto,CA,43.6404,-79.3995,20200305,2020-03-05,03/05/2020,3/5/2020,2020-03-05,2020,3,10,2,65,5,4,March,Mar,Thursday,Th
168,201,Stolen 2015 Specialized Male(black),2,201,20200322,Male,1584882000,2,Specialized,http://www.specialized.com/us/en/home/,True,,Specialized,specialized,201,N1H,Guelph,CA,43.5588,-80.3004,20200322,2020-03-22,03/22/2020,3/22/2020,2020-03-22,2020,3,12,4,82,22,7,March,Mar,Sunday,Su
169,200,Stolen 2016 Kona Dew(black),13,200,20200324,Dew,1585067784,13,Kona,http://www.konaworld.com/,True,,Kona,kona,200,M4X,Toronto,CA,43.6684,-79.3689,20200324,2020-03-24,03/24/2020,3/24/2020,2020-03-24,2020,3,13,5,84,24,2,March,Mar,Tuesday,Tu
170,204,"Stolen CCM Medium size full suspension(black, red, and silver, gray or bare metal)",26,196,20200411,Medium size full suspension,1586631340,26,CCM,,True,,CCM,ccm,196,N1R,Cambridge,CA,43.3666,-80.2239,20200411,2020-04-11,04/11/2020,4/11/2020,2020-04-11,2020,4,15,2,102,11,6,April,Apr,Saturday,Sa
171,203,Stolen 2019 Trek FX 3 Disc(red),21,17,20200411,FX 3 Disc,1586635200,21,Trek,http://www.trekbikes.com/us/en/,True,,Trek,trek,17,M4L,Toronto,CA,43.6693,-79.3155,20200411,2020-04-11,04/11/2020,4/11/2020,2020-04-11,2020,4,15,2,102,11,6,April,Apr,Saturday,Sa
172,207,Stolen 2019 Specialized Sirrus A1 SL(purple),2,17,20200422,Sirrus A1 SL,1587537000,2,Specialized,http://www.specialized.com/us/en/home/,True,,Specialized,specialized,17,M4L,Toronto,CA,43.6693,-79.3155,20200422,2020-04-22,04/22/2020,4/22/2020,2020-04-22,2020,4,17,4,113,22,3,April,Apr,Wednesday,We
173,206,Stolen 2020 Giant Escape(red),1,156,20200423,Escape,1587614400,1,Giant (and LIV),http://www.giant-bicycles.com/,True,,Giant,giant,156,M6G,Toronto,CA,43.6683,-79.4205,20200423,2020-04-23,04/23/2020,4/23/2020,2020-04-23,2020,4,17,4,114,23,4,April,Apr,Thursday,Th
174,205,Stolen 2019 Giant(black),1,205,20200425,,1587855600,1,Giant (and LIV),http://www.giant-bicycles.com/,True,,Giant,giant,205,L4B,Richmond Hill,CA,43.8582,-79.3985,20200425,2020-04-25,04/25/2020,4/25/2020,2020-04-25,2020,4,17,4,116,25,6,April,Apr,Saturday,Sa
175,208,Stolen 2010 Giant XtC 2(white),1,14,20200427,XtC 2,1588001006,1,Giant (and LIV),http://www.giant-bicycles.com/,True,,Giant,giant,14,M5E,Toronto,CA,43.6456,-79.3754,20200427,2020-04-27,04/27/2020,4/27/2020,2020-04-27,2020,4,18,5,118,27,1,April,Apr,Monday,Mo
176,214,Stolen 2020 Schwinn GTX 2.0(black),40,55,20200503,GTX 2.0,1588543200,40,Schwinn,http://www.schwinnbikes.com/,True,,Schwinn,schwinn,55,M8V,Toronto,CA,43.6075,-79.5013,20200503,2020-05-03,05/03/2020,5/3/2020,2020-05-03,2020,5,18,1,124,3,7,May,May,Sunday,Su
177,213,Stolen 2017 CCM Aapha(black and green),26,201,20200504,Aapha,1588579200,26,CCM,,True,,CCM,ccm,201,N1H,Guelph,CA,43.5588,-80.3004,20200504,2020-05-04,05/04/2020,5/4/2020,2020-05-04,2020,5,19,2,125,4,1,May,May,Monday,Mo
178,212,"Stolen Northrock Ctm(silver, gray or bare metal and blue)",74,201,20200504,Ctm,1588579200,74,Northrock,http://www.northrockbikes.com/,True,,Northrock,northrock,201,N1H,Guelph,CA,43.5588,-80.3004,20200504,2020-05-04,05/04/2020,5/4/2020,2020-05-04,2020,5,19,2,125,4,1,May,May,Monday,Mo
179,211,Stolen Black Diamond Bmx(blue),211,201,20200504,Bmx,1588579200,211,Black Diamond,,,,Black Diamond,black_diamond,201,N1H,Guelph,CA,43.5588,-80.3004,20200504,2020-05-04,05/04/2020,5/4/2020,2020-05-04,2020,5,19,2,125,4,1,May,May,Monday,Mo
180,210,Stolen 2017 Free Agent BMX(teal),210,201,20200504,BMX,1588579200,210,Free Agent,http://www.freeagentbmx.com/,True,,Free Agent,free_agent,201,N1H,Guelph,CA,43.5588,-80.3004,20200504,2020-05-04,05/04/2020,5/4/2020,2020-05-04,2020,5,19,2,125,4,1,May,May,Monday,Mo
181,209,"Stolen 2016 Giant Talon(black, red, and silver, gray or bare metal)",1,201,20200504,Talon,1588579200,1,Giant (and LIV),http://www.giant-bicycles.com/,True,,Giant,giant,201,N1H,Guelph,CA,43.5588,-80.3004,20200504,2020-05-04,05/04/2020,5/4/2020,2020-05-04,2020,5,19,2,125,4,1,May,May,Monday,Mo
182,217,Stolen 2014 Specialized Ariel(black),2,20,20200506,Ariel,1588777200,2,Specialized,http://www.specialized.com/us/en/home/,True,,Specialized,specialized,20,M6H,Toronto,CA,43.6655,-79.4378,20200506,2020-05-06,05/06/2020,5/6/2020,2020-05-06,2020,5,19,2,127,6,3,May,May,Wednesday,We
183,215,Stolen 2015 Giant REVEL(white),1,161,20200509,REVEL,1589050800,1,Giant (and LIV),http://www.giant-bicycles.com/,True,,Giant,giant,161,M2N,North,CA,43.7673,-79.4111,20200509,2020-05-09,05/09/2020,5/9/2020,2020-05-09,2020,5,19,2,130,9,6,May,May,Saturday,Sa
184,218,Stolen 2019 Norco Bikes(black),6,167,20200512,,1589247661,6,Norco Bikes,http://www.norco.com/,True,,Norco Bikes,norco,167,M4V,Toronto,CA,43.6861,-79.4025,20200512,2020-05-12,05/12/2020,5/12/2020,2020-05-12,2020,5,20,3,133,12,2,May,May,Tuesday,Tu
185,223,Stolen 2020 Unknown(black),223,62,20200516,,1589655600,223,Unknown,,True,,Unknown,unknown,62,M6K,Toronto,CA,43.6383,-79.4301,20200516,2020-05-16,05/16/2020,5/16/2020,2020-05-16,2020,5,20,3,137,16,6,May,May,Saturday,Sa
186,222,Stolen 2016 Norco Bikes yorkville(black),6,222,20200517,yorkville,1589684400,6,Norco Bikes,http://www.norco.com/,True,,Norco Bikes,norco,222,L8G,Stoney Creek,CA,43.2164,-79.7423,20200517,2020-05-17,05/17/2020,5/17/2020,2020-05-17,2020,5,20,3,138,17,7,May,May,Sunday,Su
187,225,Stolen 2019 Devinci(black),48,1,20200524,,1590344794,48,Devinci,https://www.devinci.com/en/,True,,Devinci,devinci,1,M4K,Toronto,CA,43.6803,-79.3538,20200524,2020-05-24,05/24/2020,5/24/2020,2020-05-24,2020,5,21,4,145,24,7,May,May,Sunday,Su
188,228,"Stolen 2020 CCM DS650(silver, gray or bare metal)",26,228,20200531,DS650,1590967800,26,CCM,,True,,CCM,ccm,228,L7A,Brampton,CA,43.6909,-79.8377,20200531,2020-05-31,05/31/2020,5/31/2020,2020-05-31,2020,5,22,5,152,31,7,May,May,Sunday,Su
189,227,Stolen Norco Bikes Extra large aluminum frame(black and white),6,69,20200604,Extra large aluminum frame,1591287416,6,Norco Bikes,http://www.norco.com/,True,,Norco Bikes,norco,69,M4S,Toronto,CA,43.702,-79.3853,20200604,2020-06-04,06/04/2020,6/4/2020,2020-06-04,2020,6,23,1,156,4,4,June,Jun,Thursday,Th
190,231,"Stolen Gary Fisher Utopia(silver, gray or bare metal)",231,24,20200606,Utopia,1591412374,231,Gary Fisher,http://www.trekbikes.com/us/en/collections/gary_fisher/,True,,Gary Fisher,gary_fisher,24,M6P,Toronto,CA,43.6605,-79.4633,20200606,2020-06-06,06/06/2020,6/6/2020,2020-06-06,2020,6,23,1,158,6,6,June,Jun,Saturday,Sa
191,230,Stolen 2019 Marin Bikes 061806795(black),188,3,20200607,061806795,1591509600,188,Marin Bikes,https://www.marinbikes.com/,True,,Marin Bikes,marin,3,M5J,Toronto,CA,43.62300000000001,-79.3936,20200607,2020-06-07,06/07/2020,6/7/2020,2020-06-07,2020,6,23,1,159,7,7,June,Jun,Sunday,Su
192,229,Stolen Specialized Tarmac SL4 Sport(black and yellow or gold),2,229,20200609,Tarmac SL4 Sport,1591713783,2,Specialized,http://www.specialized.com/us/en/home/,True,,Specialized,specialized,229,M5P,Toronto,CA,43.6966,-79.41199999999998,20200609,2020-06-09,06/09/2020,6/9/2020,2020-06-09,2020,6,24,2,161,9,2,June,Jun,Tuesday,Tu
193,237,Stolen Specialized Vado 5.0(black),2,15,20200611,Vado 5.0,1591887600,2,Specialized,http://www.specialized.com/us/en/home/,True,,Specialized,specialized,15,M5R,Toronto,CA,43.6736,-79.4035,20200611,2020-06-11,06/11/2020,6/11/2020,2020-06-11,2020,6,24,2,163,11,4,June,Jun,Thursday,Th
194,236,Stolen 2019 Specialized(black),2,236,20200612,,1591927200,2,Specialized,http://www.specialized.com/us/en/home/,True,,Specialized,specialized,236,N1S,4s6,CA,43.3592,-80.3347,20200612,2020-06-12,06/12/2020,6/12/2020,2020-06-12,2020,6,24,2,164,12,5,June,Jun,Friday,Fr
195,235,Stolen 2016 Specialized(red and white),2,235,20200612,,1591976955,2,Specialized,http://www.specialized.com/us/en/home/,True,,Specialized,specialized,235,L6H,Oakville,CA,43.4881,-79.7098,20200612,2020-06-12,06/12/2020,6/12/2020,2020-06-12,2020,6,24,2,164,12,5,June,Jun,Friday,Fr
196,234,Stolen 2019 Liv Alight 2 city(blue),234,167,20200613,Alight 2 city,1592024400,234,Liv,http://www.liv-cycling.com,True,,Liv,liv,167,M4V,Toronto,CA,43.6861,-79.4025,20200613,2020-06-13,06/13/2020,6/13/2020,2020-06-13,2020,6,24,2,165,13,6,June,Jun,Saturday,Sa
197,233,Stolen 2015 Diadora Savona(white),20,233,20200613,Savona,1592056800,20,Diadora,,True,,Diadora,diadora,233,M5C,Toronto,CA,43.6513,-79.3756,20200613,2020-06-13,06/13/2020,6/13/2020,2020-06-13,2020,6,24,2,165,13,6,June,Jun,Saturday,Sa
198,232,Stolen 2018 Giant Talon 2(black and yellow or gold),1,232,20200614,Talon 2,1592096304,1,Giant (and LIV),http://www.giant-bicycles.com/,True,,Giant,giant,232,L9B,Hamilton,CA,43.2055,-79.9004,20200614,2020-06-14,06/14/2020,6/14/2020,2020-06-14,2020,6,24,2,166,14,7,June,Jun,Sunday,Su
199,241,"Stolen 2020 Nakamura 20"" High-Tensile Steel Hardtail - Junior Mountain Bike(teal and teal)",39,78,20200618,"20"" High-Tensile Steel Hardtail - Junior Mountain Bike",1592438400,39,Nakamura,,True,,Nakamura,nakamura,78,M8Y,Toronto,CA,43.6325,-79.4939,20200618,2020-06-18,06/18/2020,6/18/2020,2020-06-18,2020,6,25,3,170,18,4,June,Jun,Thursday,Th
200,240,Stolen 2013 RSD (Rubber Side Down) RSDV1WBL Urban Performance(white and blue),240,167,20200618,RSDV1WBL Urban Performance,1592488800,240,RSD,https://rsdbikes.com/,True,,RSD,rsd,167,M4V,Toronto,CA,43.6861,-79.4025,20200618,2020-06-18,06/18/2020,6/18/2020,2020-06-18,2020,6,25,3,170,18,4,June,Jun,Thursday,Th
201,239,Stolen Giant Escape 2(blue),1,8,20200618,Escape 2,1592495580,1,Giant (and LIV),http://www.giant-bicycles.com/,True,,Giant,giant,8,M5V,Toronto,CA,43.6404,-79.3995,20200618,2020-06-18,06/18/2020,6/18/2020,2020-06-18,2020,6,25,3,170,18,4,June,Jun,Thursday,Th
202,238,Stolen 2018 Giant ATX Elite(blue and orange),1,238,20200619,ATX Elite,1592560800,1,Giant (and LIV),http://www.giant-bicycles.com/,True,,Giant,giant,238,M3J,North York,CA,43.7694,-79.4921,20200619,2020-06-19,06/19/2020,6/19/2020,2020-06-19,2020,6,25,3,171,19,5,June,Jun,Friday,Fr
203,248,Stolen 2020 GT Bicycles Aggressor Sport(black),14,50,20200622,Aggressor Sport,1592856000,14,GT Bicycles,http://www.gtbicycles.com/,True,,GT Bicycles,gt,50,M4W,Toronto,CA,43.6827,-79.373,20200622,2020-06-22,06/22/2020,6/22/2020,2020-06-22,2020,6,26,4,174,22,1,June,Jun,Monday,Mo
204,221,Stolen Cervélo RS(white and red),101,161,20200622,RS,1592794800,101,Cervélo,http://www.cervelo.com/en/,True,,Cervélo,cervelo,161,M2N,North,CA,43.7673,-79.4111,20200622,2020-06-22,06/22/2020,6/22/2020,2020-06-22,2020,6,26,4,174,22,1,June,Jun,Monday,Mo
205,246,Stolen 2016 Schwinn LT50(blue and white),40,161,20200623,LT50,1592891479,40,Schwinn,http://www.schwinnbikes.com/,True,,Schwinn,schwinn,161,M2N,North,CA,43.7673,-79.4111,20200623,2020-06-23,06/23/2020,6/23/2020,2020-06-23,2020,6,26,4,175,23,2,June,Jun,Tuesday,Tu
206,245,Stolen 2020 Diadora Cruiser(green),20,47,20200623,Cruiser,1592908200,20,Diadora,,True,,Diadora,diadora,47,L7R,Burlington,CA,43.375,-79.8434,20200623,2020-06-23,06/23/2020,6/23/2020,2020-06-23,2020,6,26,4,175,23,2,June,Jun,Tuesday,Tu
207,244,Stolen 2020 Raleigh Talus(green),24,105,20200624,Talus,1592960400,24,Raleigh,https://www.raleighusa.com/,True,,Raleigh,raleigh,105,M9B,Etobicoke,CA,43.6505,-79.5517,20200624,2020-06-24,06/24/2020,6/24/2020,2020-06-24,2020,6,26,4,176,24,3,June,Jun,Wednesday,We
208,251,Stolen 2019 Specialized Allez Sprint(black),2,251,20200625,Allez Sprint,1593097200,2,Specialized,http://www.specialized.com/us/en/home/,True,,Specialized,specialized,251,N3E,Cambridge,CA,43.4193,-80.3505,20200625,2020-06-25,06/25/2020,6/25/2020,2020-06-25,2020,6,26,4,177,25,4,June,Jun,Thursday,Th
209,250,"Stolen 2014 Marin Bikes Palisades Trail 29er(silver, gray or bare metal and black)",188,8,20200627,Palisades Trail 29er,1593259200,188,Marin Bikes,https://www.marinbikes.com/,True,,Marin Bikes,marin,8,M5V,Toronto,CA,43.6404,-79.3995,20200627,2020-06-27,06/27/2020,6/27/2020,2020-06-27,2020,6,26,4,179,27,6,June,Jun,Saturday,Sa
210,249,"Stolen 2013 Giant Avail 3(silver, gray or bare metal and red)",1,249,20200627,Avail 3,1593276342,1,Giant (and LIV),http://www.giant-bicycles.com/,True,,Giant,giant,249,M5N,Toronto,CA,43.7113,-79.4195,20200627,2020-06-27,06/27/2020,6/27/2020,2020-06-27,2020,6,26,4,179,27,6,June,Jun,Saturday,Sa
211,256,"Stolen Miele bicycles(silver, gray or bare metal)",256,15,20200701,,1593578870,256,Miele bicycles,,True,,Miele bicycles,miele,15,M5R,Toronto,CA,43.6736,-79.4035,20200701,2020-07-01,07/01/2020,7/1/2020,2020-07-01,2020,7,27,1,183,1,3,July,Jul,Wednesday,We
212,255,Stolen 2020 GT Bicycles Avalanche(red and blue),14,168,20200701,Avalanche,1593630000,14,GT Bicycles,http://www.gtbicycles.com/,True,,GT Bicycles,gt,168,M4G,Toronto,CA,43.7124,-79.3644,20200701,2020-07-01,07/01/2020,7/1/2020,2020-07-01,2020,7,27,1,183,1,3,July,Jul,Wednesday,We
213,254,"Stolen 2015 Norco Bikes Storm 7.2(silver, gray or bare metal and green)",6,141,20200701,Storm 7.2,1593630000,6,Norco Bikes,http://www.norco.com/,True,,Norco Bikes,norco,141,L7L,Burlington,CA,43.3799,-79.7668,20200701,2020-07-01,07/01/2020,7/1/2020,2020-07-01,2020,7,27,1,183,1,3,July,Jul,Wednesday,We
214,253,Stolen 2020 Giant Atx(yellow or gold),1,253,20200703,Atx,1593810000,1,Giant (and LIV),http://www.giant-bicycles.com/,True,,Giant,giant,253,L2E,Niagara Falls,CA,43.0537,-79.1018,20200703,2020-07-03,07/03/2020,7/3/2020,2020-07-03,2020,7,27,1,185,3,5,July,Jul,Friday,Fr
215,258,"Stolen 2019 Trek 27.5(silver, gray or bare metal)",21,258,20200705,27.5,1593969000,21,Trek,http://www.trekbikes.com/us/en/,True,,Trek,trek,258,M4J,Toronto,CA,43.6872,-79.3368,20200705,2020-07-05,07/05/2020,7/5/2020,2020-07-05,2020,7,27,1,187,5,7,July,Jul,Sunday,Su
216,257,Stolen 2020 Cannondale Topstone(green),31,15,20200706,Topstone,1594008000,31,Cannondale,http://www.cannondale.com/,True,,Cannondale,cannondale,15,M5R,Toronto,CA,43.6736,-79.4035,20200706,2020-07-06,07/06/2020,7/6/2020,2020-07-06,2020,7,28,2,188,6,1,July,Jul,Monday,Mo
217,261,Stolen 2019 Giant Roam 2(blue),1,258,20200713,Roam 2,1594623600,1,Giant (and LIV),http://www.giant-bicycles.com/,True,,Giant,giant,258,M4J,Toronto,CA,43.6872,-79.3368,20200713,2020-07-13,07/13/2020,7/13/2020,2020-07-13,2020,7,29,3,195,13,1,July,Jul,Monday,Mo
218,260,Stolen 2017 Kona Dew(green and black),13,259,20200714,Dew,1594684800,13,Kona,http://www.konaworld.com/,True,,Kona,kona,259,L2N,St. Catharines,CA,43.1923,-79.2559,20200714,2020-07-14,07/14/2020,7/14/2020,2020-07-14,2020,7,29,3,196,14,2,July,Jul,Tuesday,Tu
219,259,Stolen 2015 Rocky Mountain Bicycles Fusion 29er(black and red),25,259,20200714,Fusion 29er,1594684800,25,Rocky Mountain Bicycles,https://www.bikes.com/,True,,Rocky Mountain Bicycles,rocky_mountain,259,L2N,St. Catharines,CA,43.1923,-79.2559,20200714,2020-07-14,07/14/2020,7/14/2020,2020-07-14,2020,7,29,3,196,14,2,July,Jul,Tuesday,Tu
220,267,Stolen Marin Bikes fairfax s1(black and blue),188,200,20200715,fairfax s1,1594845371,188,Marin Bikes,https://www.marinbikes.com/,True,,Marin Bikes,marin,200,M4X,Toronto,CA,43.6684,-79.3689,20200715,2020-07-15,07/15/2020,7/15/2020,2020-07-15,2020,7,29,3,197,15,3,July,Jul,Wednesday,We
221,266,Stolen 2014 Fuji Track Classic(white),80,62,20200716,Track Classic,1594862085,80,Fuji,http://www.fujibikes.com/,True,,Fuji,fuji,62,M6K,Toronto,CA,43.6383,-79.4301,20200716,2020-07-16,07/16/2020,7/16/2020,2020-07-16,2020,7,29,3,198,16,4,July,Jul,Thursday,Th
222,265,Stolen Specialized Crossroads(blue),2,104,20200716,Crossroads,1594881289,2,Specialized,http://www.specialized.com/us/en/home/,True,,Specialized,specialized,104,M4P,Toronto,CA,43.7135,-79.3887,20200716,2020-07-16,07/16/2020,7/16/2020,2020-07-16,2020,7,29,3,198,16,4,July,Jul,Thursday,Th
223,263,"Stolen 2020 Rad Power Bikes RadRover 5/ Electric Fat Bike(black, silver, gray or bare metal, and orange)",263,34,20200718,RadRover 5/ Electric Fat Bike,1595044800,263,Rad Power Bikes,https://www.radpowerbikes.com/,True,,Rad Power Bikes,rad_power,34,M5A,Toronto,CA,43.6555,-79.3626,20200718,2020-07-18,07/18/2020,7/18/2020,2020-07-18,2020,7,29,3,200,18,6,July,Jul,Saturday,Sa
224,262,Stolen 2018 Norco Bikes Storm 2(blue),6,262,20200718,Storm 2,1595048400,6,Norco Bikes,http://www.norco.com/,True,,Norco Bikes,norco,262,L2R,St Catharines,CA,43.1419,-79.2966,20200718,2020-07-18,07/18/2020,7/18/2020,2020-07-18,2020,7,29,3,200,18,6,July,Jul,Saturday,Sa
225,273,Stolen 2018 Trek 18 TREK FX 2 17.5 BLK(black),21,20,20200720,18 TREK FX 2 17.5 BLK,1595257790,21,Trek,http://www.trekbikes.com/us/en/,True,,Trek,trek,20,M6H,Toronto,CA,43.6655,-79.4378,20200720,2020-07-20,07/20/2020,7/20/2020,2020-07-20,2020,7,30,4,202,20,1,July,Jul,Monday,Mo
226,272,"Stolen 2013 SCOTT Scale Carbon(silver, gray or bare metal)",3,17,20200720,Scale Carbon,1595271600,3,SCOTT,http://www.scott-sports.com/global/en/,True,,SCOTT,scott,17,M4L,Toronto,CA,43.6693,-79.3155,20200720,2020-07-20,07/20/2020,7/20/2020,2020-07-20,2020,7,30,4,202,20,1,July,Jul,Monday,Mo
227,270,Stolen 2019 Kona dew plus 5(green),13,20,20200721,dew plus 5,1595307600,13,Kona,http://www.konaworld.com/,True,,Kona,kona,20,M6H,Toronto,CA,43.6655,-79.4378,20200721,2020-07-21,07/21/2020,7/21/2020,2020-07-21,2020,7,30,4,203,21,2,July,Jul,Tuesday,Tu
228,269,"Stolen 2020 Giant Aluminum(silver, gray or bare metal)",1,8,20200722,Aluminum ,1595451600,1,Giant (and LIV),http://www.giant-bicycles.com/,True,,Giant,giant,8,M5V,Toronto,CA,43.6404,-79.3995,20200722,2020-07-22,07/22/2020,7/22/2020,2020-07-22,2020,7,30,4,204,22,3,July,Jul,Wednesday,We
229,268,Stolen Norco Bikes Aluminum(orange),6,25,20200723,Aluminum,1595473200,6,Norco Bikes,http://www.norco.com/,True,,Norco Bikes,norco,25,M6C,Toronto,CA,43.6915,-79.4307,20200723,2020-07-23,07/23/2020,7/23/2020,2020-07-23,2020,7,30,4,205,23,4,July,Jul,Thursday,Th
230,275,Stolen 2012 Kona dr fine(brown),13,20,20200728,dr fine,1595909710,13,Kona,http://www.konaworld.com/,True,,Kona,kona,20,M6H,Toronto,CA,43.6655,-79.4378,20200728,2020-07-28,07/28/2020,7/28/2020,2020-07-28,2020,7,31,5,210,28,2,July,Jul,Tuesday,Tu
231,274,"Stolen 2020 Trek DualSport 2(silver, gray or bare metal)",21,152,20200729,DualSport 2,1596056400,21,Trek,http://www.trekbikes.com/us/en/,True,,Trek,trek,152,M1P,Toronto,CA,43.7612,-79.2707,20200729,2020-07-29,07/29/2020,7/29/2020,2020-07-29,2020,7,31,5,211,29,3,July,Jul,Wednesday,We
232,282,Stolen 2017 Trek 820(blue),21,152,20200730,820,1596070800,21,Trek,http://www.trekbikes.com/us/en/,True,,Trek,trek,152,M1P,Toronto,CA,43.7612,-79.2707,20200730,2020-07-30,07/30/2020,7/30/2020,2020-07-30,2020,7,31,5,212,30,4,July,Jul,Thursday,Th
233,281,Stolen 2016 Ridley Ridley X-Trail Disc 6061 aluminum(black),281,281,20200730,Ridley X-Trail Disc 6061 aluminum,1596132583,281,Ridley,https://www.ridley-bikes.com/,True,,Ridley,ridley,281,M3H,Toronto,CA,43.7535,-79.4472,20200730,2020-07-30,07/30/2020,7/30/2020,2020-07-30,2020,7,31,5,212,30,4,July,Jul,Thursday,Th
234,280,"Stolen 2019 Giant Talon 2(silver, gray or bare metal)",1,280,20200801,Talon 2,1596314995,1,Giant (and LIV),http://www.giant-bicycles.com/,True,,Giant,giant,280,N3T,Brantford,CA,43.131,-80.3254,20200801,2020-08-01,08/01/2020,8/1/2020,2020-08-01,2020,8,31,1,214,1,6,August,Aug,Saturday,Sa
235,279,Stolen 2018 Cannondale Bad Boy 4(black),31,278,20200802,Bad Boy 4,1596337200,31,Cannondale,http://www.cannondale.com/,True,,Cannondale,cannondale,278,M6A,Toronto,CA,43.7223,-79.4504,20200802,2020-08-02,08/02/2020,8/2/2020,2020-08-02,2020,8,31,1,215,2,7,August,Aug,Sunday,Su
236,278,Stolen 2018 Cannondale Women's Quick 8(black),31,278,20200802,Women's Quick 8,1596337200,31,Cannondale,http://www.cannondale.com/,True,,Cannondale,cannondale,278,M6A,Toronto,CA,43.7223,-79.4504,20200802,2020-08-02,08/02/2020,8/2/2020,2020-08-02,2020,8,31,1,215,2,7,August,Aug,Sunday,Su
237,277,Stolen 2015 Cannondale Althea 1(black),31,64,20200803,Althea 1,1596417467,31,Cannondale,http://www.cannondale.com/,True,,Cannondale,cannondale,64,M4Y,Toronto,CA,43.6656,-79.383,20200803,2020-08-03,08/03/2020,8/3/2020,2020-08-03,2020,8,32,2,216,3,1,August,Aug,Monday,Mo
238,276,Stolen 2018 Northrock Mountain(black and red),74,161,20200803,Mountain,1596421241,74,Northrock,http://www.northrockbikes.com/,True,,Northrock,northrock,161,M2N,North,CA,43.7673,-79.4111,20200803,2020-08-03,08/03/2020,8/3/2020,2020-08-03,2020,8,32,2,216,3,1,August,Aug,Monday,Mo
239,286,Stolen 2019 Norco Bikes XFR4(blue),6,24,20200805,XFR4,1596636000,6,Norco Bikes,http://www.norco.com/,True,,Norco Bikes,norco,24,M6P,Toronto,CA,43.6605,-79.4633,20200805,2020-08-05,08/05/2020,8/5/2020,2020-08-05,2020,8,32,2,218,5,3,August,Aug,Wednesday,We
240,285,Stolen Kona Dew(black),13,8,20200806,Dew,1596747600,13,Kona,http://www.konaworld.com/,True,,Kona,kona,8,M5V,Toronto,CA,43.6404,-79.3995,20200806,2020-08-06,08/06/2020,8/6/2020,2020-08-06,2020,8,32,2,219,6,4,August,Aug,Thursday,Th
241,284,Stolen 2020 Norco Bikes VFR-1(blue and black),6,150,20200807,VFR-1,1596816000,6,Norco Bikes,http://www.norco.com/,True,,Norco Bikes,norco,150,M5H,Toronto,CA,43.6496,-79.3833,20200807,2020-08-07,08/07/2020,8/7/2020,2020-08-07,2020,8,32,2,220,7,5,August,Aug,Friday,Fr
242,283,Stolen 2016 Norco Bikes INDIE 4 Forma(black and teal),6,14,20200807,INDIE 4 Forma,1596823200,6,Norco Bikes,http://www.norco.com/,True,,Norco Bikes,norco,14,M5E,Toronto,CA,43.6456,-79.3754,20200807,2020-08-07,08/07/2020,8/7/2020,2020-08-07,2020,8,32,2,220,7,5,August,Aug,Friday,Fr
243,289,"Stolen 2015 GT Bicycles Grade(black, red, and blue)",14,262,20200809,Grade,1596992400,14,GT Bicycles,http://www.gtbicycles.com/,True,,GT Bicycles,gt,262,L2R,St Catharines,CA,43.1419,-79.2966,20200809,2020-08-09,08/09/2020,8/9/2020,2020-08-09,2020,8,32,2,222,9,7,August,Aug,Sunday,Su
244,288,Stolen 2019 Giant liv alight 3(black and pink),1,50,20200810,liv alight 3,1597086000,1,Giant (and LIV),http://www.giant-bicycles.com/,True,,Giant,giant,50,M4W,Toronto,CA,43.6827,-79.373,20200810,2020-08-10,08/10/2020,8/10/2020,2020-08-10,2020,8,33,3,223,10,1,August,Aug,Monday,Mo
245,287,Stolen 2016 Specialized Rockhopper(red),2,281,20200811,Rockhopper,1597118400,2,Specialized,http://www.specialized.com/us/en/home/,True,,Specialized,specialized,281,M3H,Toronto,CA,43.7535,-79.4472,20200811,2020-08-11,08/11/2020,8/11/2020,2020-08-11,2020,8,33,3,224,11,2,August,Aug,Tuesday,Tu
246,293,Stolen 2019 Trek Dual Sport 3(green),21,161,20200815,Dual Sport 3,1597503600,21,Trek,http://www.trekbikes.com/us/en/,True,,Trek,trek,161,M2N,North,CA,43.7673,-79.4111,20200815,2020-08-15,08/15/2020,8/15/2020,2020-08-15,2020,8,33,3,228,15,6,August,Aug,Saturday,Sa
247,292,Stolen 2019 Trek Dual Sport 3(green),21,161,20200815,Dual Sport 3,1597504500,21,Trek,http://www.trekbikes.com/us/en/,True,,Trek,trek,161,M2N,North,CA,43.7673,-79.4111,20200815,2020-08-15,08/15/2020,8/15/2020,2020-08-15,2020,8,33,3,228,15,6,August,Aug,Saturday,Sa
248,290,Stolen 2019 Specialized Ariel(white),2,290,20200816,Ariel,1597557600,2,Specialized,http://www.specialized.com/us/en/home/,True,,Specialized,specialized,290,L8V,Hamilton,CA,43.2266,-79.8499,20200816,2020-08-16,08/16/2020,8/16/2020,2020-08-16,2020,8,33,3,229,16,7,August,Aug,Sunday,Su
249,295,Stolen Specialized Langster(black),2,262,20200821,Langster,1597986000,2,Specialized,http://www.specialized.com/us/en/home/,True,,Specialized,specialized,262,L2R,St Catharines,CA,43.1419,-79.2966,20200821,2020-08-21,08/21/2020,8/21/2020,2020-08-21,2020,8,34,4,234,21,5,August,Aug,Friday,Fr
250,294,"Stolen 2019 Giant cargo bike (front storage)(silver, gray or bare metal and red)",1,47,20200821,,1598034943,1,Giant (and LIV),http://www.giant-bicycles.com/,True,,Giant,giant,47,L7R,Burlington,CA,43.375,-79.8434,20200821,2020-08-21,08/21/2020,8/21/2020,2020-08-21,2020,8,34,4,234,21,5,August,Aug,Friday,Fr
251,300,Stolen 2020 Cannondale Treadwell Remixt 2(pink and blue),31,300,20200830,Treadwell Remixt 2,1598813743,31,Cannondale,http://www.cannondale.com/,True,,Cannondale,cannondale,300,M4E,Toronto,CA,43.6784,-79.2941,20200830,2020-08-30,08/30/2020,8/30/2020,2020-08-30,2020,8,35,5,243,30,7,August,Aug,Sunday,Su
252,299,Stolen 2019 Trek Dual sport 2 women(teal),21,104,20200831,Dual sport 2 women,1598880483,21,Trek,http://www.trekbikes.com/us/en/,True,,Trek,trek,104,M4P,Toronto,CA,43.7135,-79.3887,20200831,2020-08-31,08/31/2020,8/31/2020,2020-08-31,2020,8,36,6,244,31,1,August,Aug,Monday,Mo
253,298,Stolen 2018 Specialized SoloRock Bay St Cruiser eBike(white),2,101,20200901,SoloRock Bay St Cruiser eBike,1598920327,2,Specialized,http://www.specialized.com/us/en/home/,True,,Specialized,specialized,101,M5T,Toronto,CA,43.6541,-79.3978,20200901,2020-09-01,09/01/2020,9/1/2020,2020-09-01,2020,9,36,1,245,1,2,September,Sep,Tuesday,Tu
254,297,Stolen 2020 Trek Roscoe 7(black),21,49,20200901,Roscoe 7 ,1598925600,21,Trek,http://www.trekbikes.com/us/en/,True,,Trek,trek,49,M6R,Toronto,CA,43.6469,-79.4521,20200901,2020-09-01,09/01/2020,9/1/2020,2020-09-01,2020,9,36,1,245,1,2,September,Sep,Tuesday,Tu
255,296,"Stolen 2019 Giant Fathom(silver, gray or bare metal and orange)",1,150,20200902,Fathom,1599084000,1,Giant (and LIV),http://www.giant-bicycles.com/,True,,Giant,giant,150,M5H,Toronto,CA,43.6496,-79.3833,20200902,2020-09-02,09/02/2020,9/2/2020,2020-09-02,2020,9,36,1,246,2,3,September,Sep,Wednesday,We
256,302,Stolen 2020 Devinci 810(black),48,62,20200903,810,1599141600,48,Devinci,https://www.devinci.com/en/,True,,Devinci,devinci,62,M6K,Toronto,CA,43.6383,-79.4301,20200903,2020-09-03,09/03/2020,9/3/2020,2020-09-03,2020,9,36,1,247,3,4,September,Sep,Thursday,Th
257,301,Stolen 2016 Del Sol Projekt 8(blue),64,13,20200903,Projekt 8,1599170400,64,Del Sol,https://harobikes.com/pages/delsol,True,,Del Sol,del_sol,13,M6J,Toronto,CA,43.648,-79.4177,20200903,2020-09-03,09/03/2020,9/3/2020,2020-09-03,2020,9,36,1,247,3,4,September,Sep,Thursday,Th
258,307,Stolen 2015 Electra Moto 1(blue),307,120,20200913,Moto 1,1599966000,307,Electra,http://www.electrabike.com/,True,,Electra,electra,120,L8S,Hamilton,CA,43.2606,-79.9161,20200913,2020-09-13,09/13/2020,9/13/2020,2020-09-13,2020,9,37,2,257,13,7,September,Sep,Sunday,Su
259,304,Stolen 2020 Opus Orpheo2(black),65,34,20200916,Orpheo2,1600278600,65,Opus,https://www.opusbike.com/,True,,Opus,opus,34,M5A,Toronto,CA,43.6555,-79.3626,20200916,2020-09-16,09/16/2020,9/16/2020,2020-09-16,2020,9,38,3,260,16,3,September,Sep,Wednesday,We
260,311,Stolen Giant Boulder Silver/Blue(blue),1,311,20200919,Boulder Silver/Blue,1600491600,1,Giant (and LIV),http://www.giant-bicycles.com/,True,,Giant,giant,311,L8L,Hamilton,CA,43.2783,-79.8344,20200919,2020-09-19,09/19/2020,9/19/2020,2020-09-19,2020,9,38,3,263,19,6,September,Sep,Saturday,Sa
261,310,"Stolen 2020 Other Phantom Hardtail Mountin bike(silver, gray or bare metal and orange)",73,310,20200919,Phantom Hardtail Mountin bike,1600526700,73,Other,,True,,Other,other,310,L3M,Grimsby,CA,43.2001,-79.5663,20200919,2020-09-19,09/19/2020,9/19/2020,2020-09-19,2020,9,38,3,263,19,6,September,Sep,Saturday,Sa
262,309,Stolen 2021 Trek Checkpoint ALR5(black),21,69,20200920,Checkpoint ALR5,1600563600,21,Trek,http://www.trekbikes.com/us/en/,True,,Trek,trek,69,M4S,Toronto,CA,43.702,-79.3853,20200920,2020-09-20,09/20/2020,9/20/2020,2020-09-20,2020,9,38,3,264,20,7,September,Sep,Sunday,Su
263,313,Stolen 2016 Cannondale(black),31,259,20200924,,1600946490,31,Cannondale,http://www.cannondale.com/,True,,Cannondale,cannondale,259,L2N,St. Catharines,CA,43.1923,-79.2559,20200924,2020-09-24,09/24/2020,9/24/2020,2020-09-24,2020,9,39,4,268,24,4,September,Sep,Thursday,Th
264,312,"Stolen 2018 Cube Aluminum Superlite, Advanced Hydrofor...(black)",312,4,20200924,"Acid One - 15"" Frame",1600984800,312,Cube,http://www.cube.eu/en/cube-bikes/,True,,Cube,cube,4,M5S,Toronto,CA,43.6629,-79.3987,20200924,2020-09-24,09/24/2020,9/24/2020,2020-09-24,2020,9,39,4,268,24,4,September,Sep,Thursday,Th
265,315,"Stolen Mongoose mongoose suergooss comp(silver, gray or bare metal)",123,311,20200928,mongoose suergooss comp,1601312400,123,Mongoose,http://www.mongoose.com/,True,,Mongoose,mongoose,311,L8L,Hamilton,CA,43.2783,-79.8344,20200928,2020-09-28,09/28/2020,9/28/2020,2020-09-28,2020,9,40,5,272,28,1,September,Sep,Monday,Mo
266,314,Stolen 2020 WeThePeople Curse(black),314,300,20200929,Curse,1601359200,314,WeThePeople,https://wethepeoplebmx.de/,True,,WeThePeople,wethepeople,300,M4E,Toronto,CA,43.6784,-79.2941,20200929,2020-09-29,09/29/2020,9/29/2020,2020-09-29,2020,9,40,5,273,29,2,September,Sep,Tuesday,Tu
267,320,"Stolen 2016 KHS Bicycles(silver, gray or bare metal)",17,262,20201008,,1602165600,17,KHS Bicycles,http://khsbicycles.com/,True,,KHS Bicycles,khs,262,L2R,St Catharines,CA,43.1419,-79.2966,20201008,2020-10-08,10/08/2020,10/8/2020,2020-10-08,2020,10,41,2,282,8,4,October,Oct,Thursday,Th
268,318,Stolen 2009 Black Diamond(blue),211,50,20201010,,1602324000,211,Black Diamond,,,,Black Diamond,black_diamond,50,M4W,Toronto,CA,43.6827,-79.373,20201010,2020-10-10,10/10/2020,10/10/2020,2020-10-10,2020,10,41,2,284,10,6,October,Oct,Saturday,Sa
269,317,Stolen 2017 Devinci Chameleon(green),48,196,20201012,Chameleon,1602478800,48,Devinci,https://www.devinci.com/en/,True,,Devinci,devinci,196,N1R,Cambridge,CA,43.3666,-80.2239,20201012,2020-10-12,10/12/2020,10/12/2020,2020-10-12,2020,10,42,3,286,12,1,October,Oct,Monday,Mo
270,316,Stolen 2016 GT Bicycles Aggressor(orange),14,196,20201012,Aggressor,1602478800,14,GT Bicycles,http://www.gtbicycles.com/,True,,GT Bicycles,gt,196,N1R,Cambridge,CA,43.3666,-80.2239,20201012,2020-10-12,10/12/2020,10/12/2020,2020-10-12,2020,10,42,3,286,12,1,October,Oct,Monday,Mo
271,322,Stolen 2020 Giant Revolt Advanced 2(white),1,168,20201017,Revolt Advanced 2,1602906780,1,Giant (and LIV),http://www.giant-bicycles.com/,True,,Giant,giant,168,M4G,Toronto,CA,43.7124,-79.3644,20201017,2020-10-17,10/17/2020,10/17/2020,2020-10-17,2020,10,42,3,291,17,6,October,Oct,Saturday,Sa
272,321,Stolen 2018 Specialized Camber 29(black),2,168,20201017,Camber 29,1602933660,2,Specialized,http://www.specialized.com/us/en/home/,True,,Specialized,specialized,168,M4G,Toronto,CA,43.7124,-79.3644,20201017,2020-10-17,10/17/2020,10/17/2020,2020-10-17,2020,10,42,3,291,17,6,October,Oct,Saturday,Sa
273,323,Stolen 2014 Specialized Ariel Disc(teal and white),2,156,20201022,Ariel Disc,1603371600,2,Specialized,http://www.specialized.com/us/en/home/,True,,Specialized,specialized,156,M6G,Toronto,CA,43.6683,-79.4205,20201022,2020-10-22,10/22/2020,10/22/2020,2020-10-22,2020,10,43,4,296,22,4,October,Oct,Thursday,Th
274,324,"Stolen 2013 Norco Bikes Tactic(black, red, and white)",6,20,20201029,Tactic,1603997977,6,Norco Bikes,http://www.norco.com/,True,,Norco Bikes,norco,20,M6H,Toronto,CA,43.6655,-79.4378,20201029,2020-10-29,10/29/2020,10/29/2020,2020-10-29,2020,10,44,5,303,29,4,October,Oct,Thursday,Th
275,327,Stolen 2020 Rad Power Bikes radrunner(green),263,62,20201122,radrunner,1606053600,263,Rad Power Bikes,https://www.radpowerbikes.com/,True,,Rad Power Bikes,rad_power,62,M6K,Toronto,CA,43.6383,-79.4301,20201122,2020-11-22,11/22/2020,11/22/2020,2020-11-22,2020,11,47,4,327,22,7,November,Nov,Sunday,Su
276,326,Stolen 2020 Specialized Sirrus X3(black),2,326,20201123,Sirrus X3,1606100400,2,Specialized,http://www.specialized.com/us/en/home/,True,,Specialized,specialized,326,L5M,Mississauga,CA,43.5637,-79.7202,20201123,2020-11-23,11/23/2020,11/23/2020,2020-11-23,2020,11,48,5,328,23,1,November,Nov,Monday,Mo
277,325,Stolen 2019 NCM eBikes ASPEN(black and blue),325,3,20201126,ASPEN,1606429800,325,NCM eBikes,https://ncmbikes.de/,True,,NCM eBikes,ncm_ebikes,3,M5J,Toronto,CA,43.62300000000001,-79.3936,20201126,2020-11-26,11/26/2020,11/26/2020,2020-11-26,2020,11,48,5,331,26,4,November,Nov,Thursday,Th
278,328,Stolen 2020 Cannondale Bad Boy 3(black),31,69,20201216,Bad Boy 3,1608076800,31,Cannondale,http://www.cannondale.com/,True,,Cannondale,cannondale,69,M4S,Toronto,CA,43.702,-79.3853,20201216,2020-12-16,12/16/2020,12/16/2020,2020-12-16,2020,12,51,3,351,16,3,December,Dec,Wednesday,We
279,329,Stolen 2012 Specialized Tricross(black),2,34,20201217,Tricross,1608166545,2,Specialized,http://www.specialized.com/us/en/home/,True,,Specialized,specialized,34,M5A,Toronto,CA,43.6555,-79.3626,20201217,2020-12-17,12/17/2020,12/17/2020,2020-12-17,2020,12,51,3,352,17,4,December,Dec,Thursday,Th
280,330,Stolen 2017 Giant Revel 2(black and red),1,330,20201228,Revel 2,1609189200,1,Giant (and LIV),http://www.giant-bicycles.com/,True,,Giant,giant,330,N3R,Brantford,CA,43.1692,-80.2684,20201228,2020-12-28,12/28/2020,12/28/2020,2020-12-28,2020,12,53,5,363,28,1,December,Dec,Monday,Mo
281,331,Stolen Rad Power Bikes Rad runner(green),263,331,20210102,Rad runner ,1609545600,263,Rad Power Bikes,https://www.radpowerbikes.com/,True,,Rad Power Bikes,rad_power,331,L4C,Richmond Hill,CA,43.8669,-79.4414,20210102,2021-01-02,01/02/2021,1/2/2021,2021-01-02,2021,1,53,1,2,2,6,January,Jan,Saturday,Sa
282,332,Stolen 2019 Trek FX 3 WSD DISC(white),21,101,20210120,FX 3 WSD DISC,1611151200,21,Trek,http://www.trekbikes.com/us/en/,True,,Trek,trek,101,M5T,Toronto,CA,43.6541,-79.3978,20210120,2021-01-20,01/20/2021,1/20/2021,2021-01-20,2021,1,3,-49,20,20,3,January,Jan,Wednesday,We
283,333,Stolen 2017 Norco Bikes Sasquatch(black and orange),6,8,20210125,Sasquatch,1611533159,6,Norco Bikes,http://www.norco.com/,True,,Norco Bikes,norco,8,M5V,Toronto,CA,43.6404,-79.3995,20210125,2021-01-25,01/25/2021,1/25/2021,2021-01-25,2021,1,4,-48,25,25,1,January,Jan,Monday,Mo
284,334,Stolen Giant Sedona W (Black/ Berry)(purple),1,78,20210127,Sedona W (Black/ Berry),1611726989,1,Giant (and LIV),http://www.giant-bicycles.com/,True,,Giant,giant,78,M8Y,Toronto,CA,43.6325,-79.4939,20210127,2021-01-27,01/27/2021,1/27/2021,2021-01-27,2021,1,4,-48,27,27,3,January,Jan,Wednesday,We
285,335,Stolen 2018 Norco Bikes XFR 3 Forma(black),6,13,20210204,XFR 3 Forma,1612454400,6,Norco Bikes,http://www.norco.com/,True,,Norco Bikes,norco,13,M6J,Toronto,CA,43.648,-79.4177,20210204,2021-02-04,02/04/2021,2/4/2021,2021-02-04,2021,2,5,1,35,4,4,February,Feb,Thursday,Th
286,337,Stolen 2014 Specialized Vita(white and red),2,336,20210207,Vita,1612656000,2,Specialized,http://www.specialized.com/us/en/home/,True,,Specialized,specialized,336,M1V,Scarborough,CA,43.8177,-79.2819,20210207,2021-02-07,02/07/2021,2/7/2021,2021-02-07,2021,2,5,1,38,7,7,February,Feb,Sunday,Su
287,336,Stolen 2019 Trek Dual Sport 2(black),21,336,20210207,Dual Sport 2,1612656000,21,Trek,http://www.trekbikes.com/us/en/,True,,Trek,trek,336,M1V,Scarborough,CA,43.8177,-79.2819,20210207,2021-02-07,02/07/2021,2/7/2021,2021-02-07,2021,2,5,1,38,7,7,February,Feb,Sunday,Su
288,338,Stolen Specialized Sirrus Men's Elite Carbon(black),2,8,20210215,Sirrus Men's Elite Carbon,1613415600,2,Specialized,http://www.specialized.com/us/en/home/,True,,Specialized,specialized,8,M5V,Toronto,CA,43.6404,-79.3995,20210215,2021-02-15,02/15/2021,2/15/2021,2021-02-15,2021,2,7,3,46,15,1,February,Feb,Monday,Mo
289,340,Stolen 2020 Reid Transit Disc(black),115,156,20210322,Transit Disc,1616419720,115,Reid,https://www.reidbikes.com/,True,,Reid,reid,156,M6G,Toronto,CA,43.6683,-79.4205,20210322,2021-03-22,03/22/2021,3/22/2021,2021-03-22,2021,3,12,4,81,22,1,March,Mar,Monday,Mo
290,339,Stolen Aventón 6061 Double-Butted Folding Aluminum A...(black),339,41,20210326,"6061 Double-Butted Folding Aluminum Alloy, with Internal Battery",1616717353,339,Aventón,http://aventonbikes.com/,True,,Aventón,aventon,41,M4M,Toronto,CA,43.6561,-79.3406,20210326,2021-03-26,03/26/2021,3/26/2021,2021-03-26,2021,3,12,4,85,26,5,March,Mar,Friday,Fr
291,341,Stolen 2014 Giant Escape 0(white),1,258,20210328,Escape 0,1616929200,1,Giant (and LIV),http://www.giant-bicycles.com/,True,,Giant,giant,258,M4J,Toronto,CA,43.6872,-79.3368,20210328,2021-03-28,03/28/2021,3/28/2021,2021-03-28,2021,3,12,4,87,28,7,March,Mar,Sunday,Su
292,343,Stolen 2020 All City Amego infinite plus(black),198,64,20210401,Amego infinite plus,1617310183,198,All City,http://allcitycycles.com,True,,All City,all_city,64,M4Y,Toronto,CA,43.6656,-79.383,20210401,2021-04-01,04/01/2021,4/1/2021,2021-04-01,2021,4,13,1,91,1,4,April,Apr,Thursday,Th
293,342,Stolen 2016 Giant Alight(black),1,184,20210405,Alight,1617634800,1,Giant (and LIV),http://www.giant-bicycles.com/,True,,Giant,giant,184,M6N,Toronto,CA,43.6748,-79.4839,20210405,2021-04-05,04/05/2021,4/5/2021,2021-04-05,2021,4,14,2,95,5,1,April,Apr,Monday,Mo
294,344,Stolen Norco Bikes Indie 4(blue),6,64,20210415,Indie 4,1618452000,6,Norco Bikes,http://www.norco.com/,True,,Norco Bikes,norco,64,M4Y,Toronto,CA,43.6656,-79.383,20210415,2021-04-15,04/15/2021,4/15/2021,2021-04-15,2021,4,15,3,105,15,4,April,Apr,Thursday,Th
295,346,"Stolen Hyper WMC-T24-1020(black, green, and silver, gray or bare metal)",346,280,20210417,WMC-T24-1020,1618632000,346,Hyper,http://www.hyperbicycles.com/,True,,Hyper,hyper,280,N3T,Brantford,CA,43.131,-80.3254,20210417,2021-04-17,04/17/2021,4/17/2021,2021-04-17,2021,4,15,3,107,17,6,April,Apr,Saturday,Sa
296,345,Stolen 2019 Wilier Wilier O SLR(red),345,62,20210421,Wilier O SLR,1618963200,345,Wilier ,https://www.wilier.com,True,,Wilier ,wilier,62,M6K,Toronto,CA,43.6383,-79.4301,20210421,2021-04-21,04/21/2021,4/21/2021,2021-04-21,2021,4,16,4,111,21,3,April,Apr,Wednesday,We
297,347,Stolen 2020 SCOTT Scale 970(black and green),3,201,20210430,Scale 970,1619812800,3,SCOTT,http://www.scott-sports.com/global/en/,True,,SCOTT,scott,201,N1H,Guelph,CA,43.5588,-80.3004,20210430,2021-04-30,04/30/2021,4/30/2021,2021-04-30,2021,4,17,5,120,30,5,April,Apr,Friday,Fr
298,349,Stolen 2021 Shimano Hyper 36v Electric 26 inch(black),349,34,20210503,Hyper 36v Electric 26 inch,1620056899,349,Shimano,http://bike.shimano.com,True,,Shimano,shimano,34,M5A,Toronto,CA,43.6555,-79.3626,20210503,2021-05-03,05/03/2021,5/3/2021,2021-05-03,2021,5,18,2,123,3,1,May,May,Monday,Mo
299,348,"Stolen 2019 Rad Power Bikes RadCity(silver, gray or bare metal)",263,348,20210504,RadCity,1620154800,263,Rad Power Bikes,https://www.radpowerbikes.com/,True,,Rad Power Bikes,rad_power,348,M6E,Toronto,CA,43.6889,-79.4507,20210504,2021-05-04,05/04/2021,5/4/2021,2021-05-04,2021,5,18,2,124,4,2,May,May,Tuesday,Tu
300,352,Stolen 2019 Rocky Mountain Bicycles Growler(blue),25,278,20210524,Growler,1621886400,25,Rocky Mountain Bicycles,https://www.bikes.com/,True,,Rocky Mountain Bicycles,rocky_mountain,278,M6A,Toronto,CA,43.7223,-79.4504,20210524,2021-05-24,05/24/2021,5/24/2021,2021-05-24,2021,5,21,5,144,24,1,May,May,Monday,Mo
301,351,"Stolen 2021 GT Bicycles 6061-T6 Aluminum Triple Triangle Fram...(silver, gray or bare metal)",14,64,20210525,"6061-T6 Aluminum Triple Triangle Frame, w/ Replaceable Derailleur Hanger, and 1 1/8 Head Tub",1621980000,14,GT Bicycles,http://www.gtbicycles.com/,True,,GT Bicycles,gt,64,M4Y,Toronto,CA,43.6656,-79.383,20210525,2021-05-25,05/25/2021,5/25/2021,2021-05-25,2021,5,21,5,145,25,2,May,May,Tuesday,Tu
302,356,Stolen 2005 Jamis XC cross country(blue),57,356,20210527,XC cross country ,1622095200,57,Jamis,http://www.jamisbikes.com/usa/index.html,True,,Jamis,jamis,356,L1N,Whitby,CA,43.8721,-78.9273,20210527,2021-05-27,05/27/2021,5/27/2021,2021-05-27,2021,5,21,5,147,27,4,May,May,Thursday,Th
303,355,Stolen 2020 Specialized Rockhopper Sport(black),2,355,20210527,Rockhopper Sport,1622138542,2,Specialized,http://www.specialized.com/us/en/home/,True,,Specialized,specialized,355,L8B,Waterdown,CA,43.3334,-79.8829,20210527,2021-05-27,05/27/2021,5/27/2021,2021-05-27,2021,5,21,5,147,27,4,May,May,Thursday,Th
304,354,Stolen 2020 Cannondale Bad Boy 3(black),31,101,20210528,Bad Boy 3,1622232000,31,Cannondale,http://www.cannondale.com/,True,,Cannondale,cannondale,101,M5T,Toronto,CA,43.6541,-79.3978,20210528,2021-05-28,05/28/2021,5/28/2021,2021-05-28,2021,5,21,5,148,28,5,May,May,Friday,Fr
305,353,Stolen 2018 Specialized Sirrus Single Speed(black),2,326,20210529,Sirrus Single Speed ,1622325600,2,Specialized,http://www.specialized.com/us/en/home/,True,,Specialized,specialized,326,L5M,Mississauga,CA,43.5637,-79.7202,20210529,2021-05-29,05/29/2021,5/29/2021,2021-05-29,2021,5,21,5,149,29,6,May,May,Saturday,Sa
306,363,Stolen 2013 Surly Long Haul Trucker(green),363,49,20210531,Long Haul Trucker,1622424529,363,Surly,http://surlybikes.com,True,,Surly,surly,49,M6R,Toronto,CA,43.6469,-79.4521,20210531,2021-05-31,05/31/2021,5/31/2021,2021-05-31,2021,5,22,6,151,31,1,May,May,Monday,Mo
307,362,"Stolen 2020 Supercycle 46.00 cm(black, red, and white)",45,362,20210601,46.00 cm,1622574000,45,Supercycle,https://www.canadiantire.ca/en/all-brands/supercycle/bikes.html,True,,Supercycle,supercycle,362,N1L,Guelph,CA,43.51600000000001,-80.19,20210601,2021-06-01,06/01/2021,6/1/2021,2021-06-01,2021,6,22,1,152,1,2,June,Jun,Tuesday,Tu
308,361,Stolen 2020 Specialized PITCH(black),2,361,20210602,PITCH,1622595600,2,Specialized,http://www.specialized.com/us/en/home/,True,,Specialized,specialized,361,M4R,Toronto,CA,43.7143,-79.4065,20210602,2021-06-02,06/02/2021,6/2/2021,2021-06-02,2021,6,22,1,153,2,3,June,Jun,Wednesday,We
309,360,"Stolen 2019 Norco Bikes indie3(silver, gray or bare metal)",6,6,20210602,indie3 ,1622646000,6,Norco Bikes,http://www.norco.com/,True,,Norco Bikes,norco,6,M5B,Toronto,CA,43.6572,-79.3783,20210602,2021-06-02,06/02/2021,6/2/2021,2021-06-02,2021,6,22,1,153,2,3,June,Jun,Wednesday,We
310,359,"Stolen 2021 Giant escape 3(silver, gray or bare metal)",1,357,20210604,escape 3,1622822400,1,Giant (and LIV),http://www.giant-bicycles.com/,True,,Giant,giant,357,L8M,Hamilton,CA,43.2441,-79.8359,20210604,2021-06-04,06/04/2021,6/4/2021,2021-06-04,2021,6,22,1,155,4,5,June,Jun,Friday,Fr
311,358,Stolen Giant Rove 3(black),1,357,20210604,Rove 3,1622822400,1,Giant (and LIV),http://www.giant-bicycles.com/,True,,Giant,giant,357,L8M,Hamilton,CA,43.2441,-79.8359,20210604,2021-06-04,06/04/2021,6/4/2021,2021-06-04,2021,6,22,1,155,4,5,June,Jun,Friday,Fr
312,357,Stolen Giant Roam 2(black),1,357,20210604,Roam 2,1622826000,1,Giant (and LIV),http://www.giant-bicycles.com/,True,,Giant,giant,357,L8M,Hamilton,CA,43.2441,-79.8359,20210604,2021-06-04,06/04/2021,6/4/2021,2021-06-04,2021,6,22,1,155,4,5,June,Jun,Friday,Fr
313,368,"Stolen 2018 Trek(silver, gray or bare metal)",21,62,20210605,,1622858400,21,Trek,http://www.trekbikes.com/us/en/,True,,Trek,trek,62,M6K,Toronto,CA,43.6383,-79.4301,20210605,2021-06-05,06/05/2021,6/5/2021,2021-06-05,2021,6,22,1,156,5,6,June,Jun,Saturday,Sa
314,367,"Stolen 2019 Giant Talon 3(silver, gray or bare metal)",1,367,20210605,Talon 3,1622858400,1,Giant (and LIV),http://www.giant-bicycles.com/,True,,Giant,giant,367,M2P,Toronto,CA,43.75,-79.3978,20210605,2021-06-05,06/05/2021,6/5/2021,2021-06-05,2021,6,22,1,156,5,6,June,Jun,Saturday,Sa
315,366,Stolen 2021 Giant Talon 29 2 Exclipe S(blue),1,120,20210606,Talon 29 2 Exclipe S,1622998800,1,Giant (and LIV),http://www.giant-bicycles.com/,True,,Giant,giant,120,L8S,Hamilton,CA,43.2606,-79.9161,20210606,2021-06-06,06/06/2021,6/6/2021,2021-06-06,2021,6,22,1,157,6,7,June,Jun,Sunday,Su
316,365,Stolen 2021 Other Mountain Bike(red),73,233,20210606,Mountain Bike,1623001969,73,Other,,True,,Other,other,233,M5C,Toronto,CA,43.6513,-79.3756,20210606,2021-06-06,06/06/2021,6/6/2021,2021-06-06,2021,6,22,1,157,6,7,June,Jun,Sunday,Su
317,364,Stolen 2013 Devinci cappricio(red),48,34,20210608,cappricio,1623190193,48,Devinci,https://www.devinci.com/en/,True,,Devinci,devinci,34,M5A,Toronto,CA,43.6555,-79.3626,20210608,2021-06-08,06/08/2021,6/8/2021,2021-06-08,2021,6,23,2,159,8,2,June,Jun,Tuesday,Tu
318,369,Stolen 2020 CCM(blue and black),26,8,20210613,,1623610800,26,CCM,,True,,CCM,ccm,8,M5V,Toronto,CA,43.6404,-79.3995,20210613,2021-06-13,06/13/2021,6/13/2021,2021-06-13,2021,6,23,2,164,13,7,June,Jun,Sunday,Su
319,370,"Stolen 2019 CCM(silver, gray or bare metal)",26,180,20210616,,1623877922,26,CCM,,True,,CCM,ccm,180,L1H,Oshawa,CA,43.9721,-78.8837,20210616,2021-06-16,06/16/2021,6/16/2021,2021-06-16,2021,6,24,3,167,16,3,June,Jun,Wednesday,We
